src,target
13 9,13 3 5 7
20 18,8 10 20 6 18 14 12 16
14 13,1 8 2
17 20,0 3 4 6
4 8,8 4
2 5,2
5 4,5 4
9 19,0 9 0 0 9 0 0 0 0
6 17,1
13 20,34 48 69 13 27 20 62 55 41
1 1,3 1 1 4 2 1 2
5 10,40 5 25 15 10
10 14,4 2 2 0 0
2 1,2 4 4 6
8 8,8
8 6,8 2 6
14 13,8 1 2
13 7,13 47 21 20 24 27 7
1 6,1 6
10 8,26 10 18 8
13 2,15 2 17 49 32 13
17 14,45 17 14 31
14 16,14
12 15,21 15 12 18
2 3,10 9 4 5 3 7 2 6 8
6 1,6
10 9,5 7 10 6 8 3 4 9 2
15 18,18 15
12 2,38 2 8 12 58 18 28 48
20 9,31 31 20 2 2 20
19 3,3 9 1 3
11 9,9 11
20 16,12 12 8 4 16 0 4 8 20
17 16,7 2 4 6 7 7 3 0 3
9 19,39 19 29 49 9 69 59
4 17,4
19 18,3 8 1 9 0 1 0
17 15,7 4 5 3 4
1 7,8 1 0 9 8 1 7 9 0
16 9,34 47 2 16 43 9 45 25 9
2 11,2 4 2 1 3 4 8 8 0
11 12,3 1 2
20 15,0 1 1 0 5 1
11 9,1 9 1
10 1,8 8 19 10 19 10
20 3,3 14 65 48 20 31
5 6,3
7 18,5 8 7 2
4 4,4
19 18,4 2 5 3 3
3 19,3 3 1 1 9 3 1
5 3,5 3 1
14 4,5 4 3 4 0 4 5
16 15,10 15 13 11 12 14 16 9
9 8,7 9 8
15 11,1
16 1,1 7 6 2
4 13,4 3 4 2 3 2 5
9 6,9 7 6 36 21 15
17 9,17 1 23 15
18 12,18 12
14 12,6 10 4 14 0 8 2 12
9 19,9 0 9
5 17,39 11 17 5 22
5 2,2 5
20 17,6 2 0 3 4
5 2,2 4 1 7 5 10 13
19 4,7
2 1,3 2 1 5 4 4 2
6 8,4 8 4 8
16 20,16
3 12,12 3
20 17,0
14 13,1
8 5,4
2 18,66 14 18 34 82 2 50 98
7 14,7 28 14 21
16 9,5 4 1 5 4
19 5,6 0 5 9 1
2 2,4 8 7 2
6 8,18 34 6 10 28 40 22 30 16
16 5,21 16 26 5
16 7,2 3 1 1 3 2
11 2,2 11 13
7 2,1 2 7
8 3,8 1 3 6 0 3 1
12 14,14 16 18 12 20
15 18,15 30 21
10 17,4 5 3 7 8 0 4 5
15 10,15
16 12,0 6 1 1 2
5 14,2 14 19 33 5
16 11,6 16 11 1
5 20,4 0 3 5 5
14 18,2 2 5 7 4
3 19,3 19
17 13,2 6 3 1 4 2 8 5
16 14,12 16
11 18,1 8 3 1 9 0
18 8,0 0 8 0 0 8
19 2,36 19 19 15
16 13,0 6 3 2 3 3
8 14,14 20 38 8 26 32
13 16,16 13
13 7,2 9 1 0 4 1 2 3
2 11,2 47 20
15 3,4 4 5 3
11 16,16 11 43 27
2 20,46 20 26 6 20 42 22 2 14
13 19,25 43 13
8 9,2 1 5 8 3 2 4 9 4
10 20,10 10 30
1 20,1 0 1
10 16,40 10 46 8 26 22
17 14,21 26 47 45 17 14 31
7 14,13 42 49 21 41 7 34
15 20,3 0 0 0 0 0 0 0 0
4 3,1 2 3 3 2 4
10 7,24 17 15 7 10 41
10 8,6 8 10
20 9,24 2 20 9 13
2 6,6 2 2 2 2 2 2 2 2
15 20,15 25 40
4 15,36 26 25 42 4 20 9
9 5,4 5 4
13 6,6 13 19
20 6,20 34 8 20
14 9,9 4
16 13,0 2 6 0 3 3 3
14 4,24 6 24 6 24 14 14 14 6
12 13,14 12 18 20 17
2 20,0 2
15 4,26 15 15 7 26 7 15 7 26
15 14,14 15
9 17,23 45 49 25 47 5 9 21 7
16 15,0 1 6 4 5
8 13,1 0 4
1 9,1
3 17,3
7 8,8 7
17 7,17 24 7
17 4,4 17
7 5,12 7 17 29 5
17 7,17 7 3
11 11,11 11 11 11 11
1 5,4 0 2 1 2 5
17 16,15 12 17
14 4,6 4 16 14 26
18 15,8 5
5 16,5
16 17,16
15 12,16 5 21 12 39 27 15
14 9,21 6 4 1 9 11 26 14 16
4 4,0 4 0 0 0 4
2 4,6 2
12 15,30 27 18 36 12 45
8 11,0 9 23 44 8 41 14 32 26
1 7,17 37 13 1 23 31 49
5 20,5 35 20 65 50
2 14,2 26
4 16,52 40 76 0 64 28 16 88 4
19 10,0 1 0 1 2 9 1
2 13,0 3 2
17 15,5 9 5 2 9 1 7 7 1
4 11,18 4 25 11 32
11 3,3 1 1 2 2
13 4,6 2 3 5
2 5,1
15 13,9 1 5
9 1,1 10 9
20 5,35 20 10 20
17 17,0 7 4 8 3 7 2
7 9,8 9 5 7 6 3 4 6
2 20,2 38 20
9 4,4 9
8 19,5 7 2 4 9 1 1 6
1 1,4 5 4 3 5 3 1 2 2
16 6,16 16 4 4 26
6 18,6
15 20,0 0 0 0 3
16 6,16 6
11 11,1
13 5,3 21 13 13
4 12,4
19 12,9 16 5 16 9 19 5
10 18,10 28 18
6 18,30 16 28 6
3 8,3 5 2 1 8 4 5 6 3
20 17,37 20 17 4
10 6,10 2 6 6 2 10
6 4,6 4 2 6 4 2 0
2 14,14 2 26 50 38
7 9,7 11 9
10 20,0 0 0 0 0 0 0
15 9,15 15 3 3 9 15 3 9
9 11,19 15 9 11 23 21 17 25 13
7 6,6 4 5 2 3 4 7
20 11,11 2 7 20
5 12,19 40 11 47 5
3 7,23 3 11
13 15,19 21 27 13 17 25 15 23
5 20,35 25 35 20 0 15 45 20 5
15 3,15 10 21 3 39 18 49
10 4,0 4 2 2
18 6,6 18
15 9,15 9
14 18,26 22 14 18
1 15,5 1
3 17,3 44 17 37 20 7
11 11,11
11 13,23 15 17 13 19 25 21 11
19 8,9 7 8 4 6
16 14,6 4 2 2 5 5 7 3 4
7 14,8 9
16 9,16 25 9
11 16,11
14 10,10 34 8 24 42 14
10 18,8 1 9 0
12 3,12 12 12 6 21 6 6 21
17 19,3 7 3 9 1 1
12 12,0 2 2 2 4 0 4
13 17,25 17 33 21 37 41 13 29
15 2,15
4 1,5 5 1 0 4 6
9 9,9 15 17 21 11 20 23 14
16 6,9
15 11,5 1 6
13 17,3 7
3 10,23 13 10 3
3 9,3 9 3 5
9 15,33 9 45 21 51 27 39 15
10 5,10 0 0 0 15 15 10 10
10 9,5 4 9 0 5 2
16 16,28 44 16 16 32 48 8 36 30
2 1,7 18 1 4 3 2 11
11 11,11
4 4,3 8 2 6 1 7
16 13,8 2 0
7 19,1 7 9
13 7,8 0 3 5 7
18 2,18 2
2 8,4 2 0 4 2 8
13 1,1 3 0 2 2 1 1 2 0
16 17,17 18 19 16
2 18,46 4 20 18 2 38 8
7 9,7 4 3 9 0 0
19 20,23 21 20 24 19 22
2 14,2 26 12 24
2 17,2 17 36 19
10 15,10 15 0 20 35 40
9 11,9
16 19,43 4 19 39 16 32 35
13 18,38 13 43 3 23
6 6,2 6 6 2
19 14,6 9 19
3 8,8 49 19 30 3 11
20 11,0
13 4,23 4 5 13 14
2 16,3 4 9 7 6 5 2
12 6,2 6 0 6 5
9 13,21 13 9 17
7 13,3 7 2 4
17 16,7 9 2 2
9 5,15 9 7 3 11 1 5
10 9,2 5 0 5 9 4
4 4,9 12 15 16 4 6 10 18
18 18,0 0 8 8
4 10,0 4
4 9,34 14 4 29
20 11,25 20 43 2 16 34 7 11
8 18,4 6 4 6 0 0 8 8 1
6 9,24 39 15 15 13 9 2 6 17
1 7,7
8 4,2 5 4 3
10 10,10 10 10
3 7,5 3 5 7 3
16 5,5 1 1 6
12 1,1 2 2 1
10 14,10
14 19,0 5 2 9 5 4 6
2 8,18 2 8 28 46 10 24
3 18,5 4
14 8,22 30 32 2 14 34 8
17 10,17 18 11 3 11 18 3 3 18
3 13,45 16 29 24 43 19 3 13
20 3,3 48 31 14 20
12 4,12 4 12 4
8 19,7 4 9 6 8 8 7
20 10,10 20 40 30
12 4,4 4 12
1 3,11 5 23 13 1 17
19 7,26 42 9 19 7 1 33
6 17,23 17 6
18 1,8
2 3,4 5 6 3 2
18 7,18 7
6 14,4 8 8
3 8,8 18 23 28 13 3
8 10,0 8 0
14 9,2 9 4
9 2,13 11 2 9
2 14,6 4 2 0 8 2
6 13,13 27 34 20 41 6
9 2,16 9 16 5 5 9
1 10,1 0 2
19 2,3 9 5 4 8
14 12,8 6 1
12 1,2 1 2 1
3 6,6 3 0 1 2
17 14,17 31 21 14 47 45 18 26
20 19,20 15 18
17 17,2 3 4 8 7 7
11 8,1 11 5 4
12 15,11 42 12 15 19 30 27
7 20,7
6 14,20 6 14 38 42 34 4
15 17,2 5 5
17 10,15 16 17 14 10 37 27 1
5 1,5 3
8 10,16 8 14 12 10
18 8,0 8 0 0 0 0 8 0 0
3 14,3 17 14
1 17,9 4 3 1 8 2 7
1 9,9
2 2,6 16 26 2 42 10 2 4
4 14,24 4
16 14,16 14 44 30 24
5 4,4 5
4 1,2 4 7 2 4 7
10 14,38 12 24 14 10 0
8 13,34 44 27 39 5 13 33 8 21
3 5,5 8 3
16 7,2 7 38 56 29 11 16 47 20
6 1,6 1
20 1,0 1 0 2 2
4 14,6 6 5 7
6 3,1 1 1 8 8 1 8
4 17,43 30 56 4 17
13 19,19 37 13 25 31
12 1,23 10 12
18 9,9 18 0
12 8,8 12
3 1,3
11 14,1 4 2 4 1 4 2 1
9 5,3 1 5 9
10 6,14 6 2 10 2 10 6
12 3,12 21 6
17 15,5 3 7
8 6,0 2 8 0 4 2 4
2 4,2
18 10,8 8 0 1 0 0 8 8
3 11,49 19 41 3 43 17 1 15
4 10,26 2 38 4 20 40 34 16
4 4,12 9 16 6 10 4 15
9 2,13 11 2 11 9 24 37
6 3,8 1 1 8
1 13,11 25 1 47 23
9 4,9 1 16 4 21 6 11
11 18,32 11 60 25 53 18 46 39 67
15 3,3 9 15 21 33
4 2,2 1 8 0 0 9 1 9
3 18,33 48 63 3 18
8 12,1 1 3 8 2 3 8 8 7
14 5,14
14 10,14 24 34 0 8 42 10
1 12,7 4 3 1 5 2 7 3 2
20 9,8 1 0
8 16,24 8
18 1,1 1 1 1 8 8 8 8
12 11,23 11 12 34
4 12,4 12 20
12 18,3 8 2
7 7,12 7 13 9
1 4,7 1 4 10
18 10,0 2 8
4 4,4 4
10 18,28 24 10 18 20 46
15 4,29 7 15 62 51 73 4 40 18
16 16,16
19 10,1 19 17 1 26 1 26 17
17 19,19 17
20 2,16 38 20 38 20 20 16 16
9 15,3 1 3 5 5
10 12,40 34 6 10 22 12 46
12 12,12 12 12 12 12
14 15,4
17 9,17 1
15 14,3 4 9 10 15 7 13
9 1,1 10 32 21 9 11
5 15,5
1 6,7 8 8 7 9 9 6 0
16 4,8 16 16 28
11 13,11 24 48 11 37 13 9
11 2,1
16 7,2 47 11 38 56 20 16 7 29
12 12,24 12 12
18 17,13 18 16
13 10,2 13 1 5 1 7 4
9 8,8 25 17 17 9 42
4 11,4
16 6,6 6
2 18,7 9 6 0 5 3 8 2
1 8,26 12 8 9 31 17 19 1 43
19 15,9
8 4,8 12 8 4 16 4 0
7 16,16 23 7 27 1 39 13 12 14
4 9,6 3 4 7 5
1 12,12 1 45 56 67 23 34
5 8,20 14 5 29 11 26 17 8 23
5 3,1 3 1 5 5 5 3 5 1
9 11,9 9
5 19,47 75 5 61 33 19 89
15 10,5 0
16 5,6 16
16 9,1 4 5 4
3 19,3 41 19 22
6 16,9 6 6 9 6 9 9 6
13 19,13 49 19 37 31 25 43
18 9,12 27 13 9 18 11 36 49
1 20,12 21 20 1 41
15 18,1 39 48 30 21 7 33 15 16
14 4,14
9 1,9 1
1 8,1
6 3,6 3 12 9 21 33
9 7,9 1 12 13 16 23 39 7
7 4,41 8 11 17 26 7 4 15
5 15,5 25 5 15
14 15,14 15
16 3,3 4 6 2 3 7
4 1,7 4 2 4
4 20,20 52 4 36
8 14,1
8 7,8 5 6 7
6 15,14 10 32 5 1 24 6 28
3 15,13 27 35 25 3 47 49
5 20,5 5 0
9 1,9
6 16,6 6 26
4 8,0 4 8 4 4 0 4 4 0
8 10,2 0 0 8 2
15 5,20 15 5 20 45 25
20 11,5 4 5 0 1 0 0 1 2
9 11,11 13 9 23 15 21 17 19
9 13,7 7 1 1 1 7 1
20 1,0 1 0 2 2
20 10,0 20 10 20 10
4 19,4 2 3 9 3 4
19 18,19 37 18
13 12,37 11 25 49 13 12 12
4 7,28 19 37 4 22 10
20 10,0 0 0 0 0 0 0
13 12,6 7 7 1 5 6
1 3,1
19 19,19 19 7 38
14 1,4 1
20 17,2 14 5 4 4 20 5 2
12 12,2 2
5 11,7 9 5 5 9 1 7
3 14,3
11 15,6 5 1
2 12,2 6 4 4
7 7,0 7 5 1 4 9 6
13 1,13 1
15 5,5 5
6 13,7 8 7 8 7 8 7
3 8,3 13 28 18 23 8
10 12,12 10 22 6 34
6 12,2 6 5 1 3
4 3,4 2 1 2 0
1 12,12 1
3 18,21 18 3
15 19,15
9 6,5 4 4 5 4 5 5 4 5
16 3,49 36 62 3 10 16 23 75 88
17 12,0 2 4
20 7,32 45 6 20 7 19 71 58
15 3,3 5 4
18 13,3 3 1 2 8 4
19 15,34 19 15
18 6,8 2 6
12 4,8 4 4 4 8 8 8 4
13 1,1 2 1 2 2 0 1 3
2 12,2 12
4 10,2 7 5 0 4 3 1 6
9 14,4 2 9
9 18,17 45 18 27 39 45 9 6 22
8 10,18 12 24 30 36 20 32 8
3 2,7 2 3
14 7,21 14 0
2 17,3 4 5 8 6 0 1 9 7
2 6,10 34 22 2 26
16 5,1 1 6 5
3 11,1 2 2 0 0 3 1 2 1
10 13,1 0 0 1 2 2 3 0
9 2,2 6 6 9 0
12 3,3 12 6
2 20,2 0 2 0 2
12 5,6 6 0 0 6 6 0
19 13,9 3
19 20,0 1 9 3 8
15 8,15
9 18,36 9 27 45 18
10 4,0 2 1 6 5 7 4
6 19,3 1 6 9
15 2,2 1 3 5 2
7 11,27 13 1 7 25 5 31 39 15
10 20,30 10 10
14 6,40 14 6 18 22 46 26 20
5 8,5 20 11
15 17,5 5 5 5 5 2 5 5 5
18 3,57 12 42 18 3 27
17 9,17
20 12,20 4 12 28 12 20 36 4
13 5,6 5 3 5 6 3
15 1,1 15
16 1,16 17 1
14 8,8 14 22
19 4,23 4 27 19 0
8 19,12 30 13 8 40 46 24 29
15 2,28 11 15
12 7,7 3 0 3 2 2 6 4 7
19 20,9 0
15 13,13 7 5 9 15 11
7 8,18 12 13 15 19 9 7
15 9,40 24 15 33 7 9
4 4,2 6 1
18 8,0 0 8 8 0 0 0
5 4,0 1 5 3
5 14,4 0 9 1 2 7
1 3,1
5 7,5 5 5 5 3 3 7 7 5
6 16,56 26 46 76 86 36 16 6 66
11 11,1
4 20,8 0 9
18 6,8 0 1 0
9 8,9 17 8
19 6,20 59 7 72 46 33 19 85 6
16 19,4 35 43 19 39 32 16
18 13,25 44 18 31 13
5 6,6 5 6 3 6 5 5 3
20 13,0
10 14,24 10 14 38 12
8 12,6 5 8 2 3 1 9 0 7
13 14,27 14 13
9 20,49 29 5 27 9 20 28
16 18,8 6 5 7 7 8 4 0
20 8,1 0 8 1
3 7,21 36 27 15 44 3 10 7 17
6 5,5 1 2 3 0 1 4 6
3 15,25 27 3 13 49
14 18,8 6 4 6
12 6,0 12 12 18 12 0 18 18 0
17 10,17 10 37 27
2 17,32 2 12 22 7 27 42 17 32
17 15,11 13 15 17 9
10 6,6 22 38 16 10 10
6 6,2 6 2 6 2 6 6
5 9,5 9
18 17,10 12 18 6 13 16 7 4 1
1 11,1
1 5,5 1
12 6,0 12 18 12 12 0 18 0 18
11 12,5 3 2 1 4
20 15,20 35 35 20 15 5 35 0 25
15 11,11 15 26 37
4 6,6 4 10
3 2,3 7 3 0 6 7 2
7 15,15 23 7
16 19,0 9 0 0 0 6 0
4 14,4 14 24
12 18,42 12 24
3 16,3
17 12,0 3 2 7 3
7 12,17 7
15 12,2 0 4 5 2
8 6,6 20 8 14 34
5 13,0 5 3 3 5 5 4 4
6 6,30 18 26 48 6 12 6 28
19 9,1 7 8 9 2 1
16 9,12 16 5 9 2
3 3,3 15 39 9 6 3 24
1 19,39 20 1 19
13 15,3
16 14,16 12
16 7,16 7 2
13 16,49 14 46 31 37 19 28 13 5
18 18,30 18 20 29 23 26 24
1 7,0 9 7 9 8 0 8
19 2,19 19 36 15 19 36 15
6 5,3 3 0 0 3 0 3
5 16,5 16 21
1 13,3 4 4 5 3 1 2
8 10,8 1 0
17 15,7 7 5 5 2
12 1,1 1 1 1 2 2 1 2 2
1 8,1
19 2,19 2 21
14 15,14
8 2,22 10 4 16 8 2
11 5,2 4 4 2 1 0 1 0 5
6 16,6
19 14,33 14 19
19 12,2 1 9 3 4 4
1 20,2 0 3 1
9 15,9 15
9 14,9 2 3 3 4
14 9,2 3 3 9 4
8 2,8 2 10
5 3,5 3 1 3 3 1 1 3
4 6,4
12 9,9 12
15 1,1 13 15
18 13,18 13
4 9,34 14 29 44 4 14 24 9
14 18,26 30 22 14 34 38 18
7 18,29 23 7 12
18 11,1 1 1 8 2 2 0
6 16,6 6 26 36 26 16 16
2 9,23 30 9 2 16 37 44
4 9,4 9 8 4
9 15,3 1
15 3,15 27 27 15 9 9 15 9
11 5,5 11 16
13 20,13 20
20 7,58 32 20 6 7 19 45
17 13,2 2
10 1,1 0 1 2
17 14,31 47 14 45 21 17 26
12 8,12
1 8,15 43 36 7 1 28
14 14,2 1 6 9 1 5 0 3 8
4 3,4 7 3
2 14,2 3 0 4 3 0 4
20 12,20 20 4
19 18,4 3 5 2 3
7 14,21 42 49 7
18 1,18
8 13,3 8 1 1 1 0 2 2
5 17,5 15 23 49 29 27 37 1
3 16,29 16 3
4 20,4 20
1 8,22 1 15 8
13 8,4 1 1 0 2 5
9 20,8 1
14 4,4 5 4 3 5 4 0 4 5
5 8,17 11 8 14 5
17 8,8 7 1 5 5 2
14 20,12 36 30 44 0 26 14 48
11 16,43 11 16 27
17 11,17 29 6 23 17 11 28 39 2
19 10,1 26 17 19
13 8,3 12 12 3 3 7 12 13 7
17 2,3 0 2 7
11 7,11 43 18 18 7 25
13 19,3 2 4 3 3 0 2 9
3 12,30 48 66 21 57 75 12 39 3
20 4,4 20
11 13,37 13 24 11 11
15 20,20 35 15
15 7,22 7 15
19 1,37 19 19 17 19 37 17 17
14 14,14 20 42 14 28
1 19,41 1 37
11 5,5 16 11 21
9 3,9 3 39 3 9 33 21 15 27
13 10,13
20 15,0 3
11 19,2 4 9 3 4 1 3
16 11,16
19 11,11 19
6 7,11 6 8
10 2,18 10 6
14 16,14
12 1,1 2
19 14,6 1 9 6 1 19 9
9 2,19 12 26 33 2 9 5 40
12 15,2
9 14,10 37 23 9 14 47
9 12,9 15 12
6 7,6 2 5 2 6 7
9 15,5 1 9 1 3
7 10,0 7
19 2,1 1 9 1 2 2 2 0
13 19,25 43 49 13
19 11,19 11
9 16,9 41 16 16 25
13 19,33 19 32 13 1
10 12,32 20 26 10 22 34 14
17 12,17
7 4,14 11 4 5 7 1 8 2
3 1,3 6 5 2 4 1
15 4,15 7 29 4 40 51 18
7 4,9 8 2 3
14 7,7 21 0 14 7 14
1 6,7 7 8 6
5 3,5
5 14,32 5 50 23 41 14
4 3,4 0 3 1 2 2 1
19 14,9 1 9 1 19 6 6
11 4,4 1
3 6,1 1 1 8 8
16 8,16 32 38 6 24 26 32 44 8
11 8,11 8
16 19,0 0 0 9 0 0 6 0
4 2,4 8 8 0 2 4 7
15 12,15 12
19 4,27 0 27 23 4 19
3 11,3 11
2 18,8 2 7 4 0 8 6 7
20 3,0 4 6 0 8 2
11 10,2 0 1 3 1
14 14,14 32 14 42 12 20 28
20 17,0 4 3
12 13,13 13 12 1 29 15 14 38 25
8 20,26 0 24 28 20 8 48
1 16,31 21 1 41 26
16 6,6 6 28 22 0 28 28 16
3 16,4 8 4
8 18,8 0 0 8 0 0
4 3,4 3
2 19,0 2 2 1 1 9 1
11 11,11 11 11
7 6,7 6
11 15,3 1 5 5 3 3 3 1
9 3,3 9
6 5,6 4 3 5
10 11,10 13 11 12
8 15,8 36 22 43 15 29
13 14,15 17 18 14 16 13
6 6,11 17 20 14 23 12 6 18 8
17 15,17 13
1 16,7 3 1 6 8 2
15 20,25 15 45 30 35 20 40
7 7,7 7 7 7
4 15,48 70 59 15 37 4 26
16 20,36 16 40 24 22 10 14 48
5 20,5 35 50 65 20 80 10 95
14 1,15 14 1
13 14,9 3 1 8 2
2 11,48 11 37 9 24 2 13 7 11
3 12,6 6 3 3
4 10,0 12 24 12 14 38 12 10 4
16 5,8 0 1 9 0 3 2 1
11 6,17 6 13 40 16 3 11 23
19 16,0 0 0 6 9 0
13 2,3
3 2,6 6 6 6
17 9,17 9
13 1,1 13 23 11
7 9,7 23 25 41 16 16 9 30 7
11 16,7 1 6 8 9
20 2,2 20
16 6,44 24 4 34 16 6 14
16 4,6 6 8 7 0 4 7 5 9
19 1,1 19
11 4,19 4 11 15 40 3 34 37
7 10,9 2 0 0 1 7 8
6 4,2 4 6 2
20 9,8 2 2 4 0 4 1 0
2 12,22 14 2 6 26 40 12 16
20 17,4 0 7 3 4 0
6 15,21 6 15
4 6,8 10 4 6
14 15,14 23 15 29 44
16 17,16 17 18 19
20 5,20
5 8,6 4 0 2
4 4,4 4 4 4 4
6 5,6 5
15 2,15 2 76 50 37 24 11 89 63
9 19,9 9 0 0
4 17,4
12 19,12 31 19 31 0 31
10 19,1 0 9 2 0 1
2 9,30 2 16 23 51 44 9 37
2 4,1 4 2 6
7 16,25 15 29 7 6 11 2
3 8,2 4 4 2 2 4 2
20 19,0 4 4 8 2 2 3 0
6 2,6 2
1 19,5 19 9 20 12 7 39 48 1
5 3,5 1
17 10,7 7 0 5 8
11 4,6 4 4 6
14 2,34 14 2 2 18 16 36
3 13,2 3 1 1 4 3 2 3
19 6,19 33 46 6 7 59 72 20
13 3,13
4 5,4 0 3 3 5 1 4
17 4,17
12 20,4 0 2 3 2
20 7,8 4 4 3 3 0 5 7 5
16 6,2 6 2 2 6 2
11 19,9 49 27 25 7 11 1
2 7,7 2
13 17,4 3 1 2 7 4
8 19,46 8 40 30 29 24 13
18 15,0 2 0 7 7
2 8,28 2 18 8 10
8 12,8 2 8 3
1 19,1
11 10,2 1 0 1
3 13,29 24 3 45 16 13
13 17,1 4 2 3 2 2
12 4,4 4 4 20 20 12 12 12 20
10 15,35 20 15 25 30 10
12 11,3 1 2 3
13 2,13 24 9 13
8 14,8 14 22
15 8,0 1 5 8 1
17 2,17 17 32 13
20 19,0 9 3 3 4 2 0
7 15,7 3 5 1
2 10,26 2 18 10
12 2,2 2 2 0
16 17,17 16
8 17,3 1
4 13,3 6 4 5 7 9 2 8 5
16 14,16 6 12
17 5,17 17 7 29
16 1,7 2 6 8 3 1
7 15,15 47 31 39 63 7 23 55
7 8,6 7 8 5 6 7 8
14 11,14 5 11 8
19 1,1 53 17 35 19
3 18,3 28 43 33
2 14,14 2
19 11,5 19 13 21 3 11
20 9,20
14 20,2 8 4 8 3 4 0
10 12,18 22 12 16 14 20 10
4 15,19 4 15 34
18 12,2 8
14 11,14
6 13,3 2 4 6 7 0 3
5 3,1 5
2 5,12 31 0 2 19 5 7 31 31
15 4,1 4 5 5 6 1 0
10 1,1
14 18,18 14
15 1,15 27 13 1
6 16,6 6 2 2 2 2 2
16 4,16 28 8 16 28 8
13 13,3 1 3 3 1 3 5
1 19,41 37 1 9
9 16,15 9 43 36 7 44 28 23 1
3 4,4 3
2 5,2 1 2 0 0 1 5 1
13 20,48 20 34 69 55 13 41 27 62
6 13,20 48 6 12 41
4 3,2 1
10 11,11 10
7 15,7 37 22 15 9
14 5,14 5 13 40 4 22 31
4 19,4 7 15 23 22 42 19 29
13 14,13
14 7,7 49 14 28 21
14 4,3 0 2 1 8 6 5 9 7
2 15,32 49 15 2 17
10 11,16 12 18 10 21 15
20 7,6 0 0 2 1 6 8 4 4
1 12,2 1
4 8,0 4 0 8 4 0 4 4 4
7 8,8 7 7 5 8 6 6
4 7,9 8 3 2
19 1,19
20 13,15 13 6 22 8 1 20 29
12 2,8 8 12 12 22
3 8,4 2 2 4 4 2
19 20,24 25 21 19 27
6 11,16 46 11 16 26 36 6 31
3 15,19 18 34 3 1 35 15 33
1 12,13 12 1
12 4,4 20 12 12 4
9 18,45 22 39 17 27 45 9 6 18
14 1,14
11 2,34 16 25 2 11 7
20 2,2 0 0 0 2 2 0
12 10,0 2 2 0 0 2
20 11,2 11 20
16 6,0 7 1 6 8 2 9 9
19 5,9 5 0 6
14 9,2 1
16 2,30 16 12 12 16 30 16 12
18 19,18 19 20
9 17,5 9 7 1 7 7 7 5
3 17,3 31 17
14 18,14 38 8 46 12 22 34
2 10,2 26 10 34 18
11 1,13 12 13 38 1 14 1 25 11
14 20,4 3 0 2 8 4 8
18 20,22 28 18
2 4,8 0
14 11,4 1 5 8 14 2
9 11,2 1 7 7 2 3 9 5
16 10,16 10 26
13 8,1 1 0 8 2 1 3 2
14 13,14
9 12,9 21 4 33 12
7 10,44 27 21 7 10 15 17
5 20,20 35 5 50 10 80 65 95
18 6,18 42 6 30 54 6 18
13 13,1
13 18,1 4 3 4 3 8 2 3 5
9 5,1 11 7 7 9 11 1 1
15 19,37 34 3 27 15 19 40
3 12,3 3 2
6 1,1 6 4 19 14 24 9
3 2,6 6 6 6 6
13 3,4 3 3
7 12,37 47 32 17 7
6 20,26 24 6 10 34 40 18
4 13,22 4
15 20,0 0 0 3 0 0 0 0 0
8 15,22 0 8 43 14
16 14,12 8 10 14 16 4 6
7 8,12 7 19 21 15 18 24 13 9
2 7,42 12 27 2 32 12 7
12 1,14 1 13 12
16 6,26 26 4 4 16 16 4 16
8 4,16 16 8 44 22 28 4 12
20 11,4 1 1 5 2 5 0 0
4 15,15 37 4 48 70 81 26 92 59
18 7,2 6 2 1
17 7,23 53 7 3 43 13 17 33 63
1 2,7 5 1 4 8 3 6 2
18 14,24 18 32 14 2 28 46
5 20,45 25 5 20 20
18 1,18 1 19
1 16,1 41 16 31 26 21
10 11,21 18 16 10 15 12 22 24
19 2,2 1 1 2 1 2 9 0
3 15,15 18 3
8 15,22 8 36 15 29
10 6,38 22 10 6 16 10
14 18,14
20 4,0 2 0 2 4 2
8 4,28 16 8 4 12
8 18,8 18
15 4,4 1 1 5 6 5 0
12 17,29 12 21 25 46 13 17 46 17
9 5,0 2 1 1 1 2 5 0 9
5 11,1 5 9 1 7 7 5 9
16 18,16 2 34 36 18
6 10,0 6 6 0 6
2 14,6 0 4 4 8 2 8 2
20 13,46 33 13 20
7 10,9 8 1 2 7 0
19 9,19
5 20,25 5 20
6 12,12 6
12 13,6 1 5 5
8 5,1 2 8 5
12 17,12 17 46 29
10 1,10
16 8,0 0 16 24 24 24 0 16 16
12 6,12 6
19 13,2
16 9,4 1 4
20 1,1 22 20 21
11 14,1
18 12,8 2 1 2 4
4 12,20 4 12 28 44 36
5 9,13 5
11 11,11 11 11 11 11 11 11
8 2,8 10 2
19 5,9 19 33 19 33 9
19 6,20 6 7 19
10 16,10 22 16
12 17,13 46 25 46 17 12 21 17 29
20 16,2 6 2 0 0 0 0
18 18,23 26 20 24 32 30 29 18
13 19,43 37 55 31 19 25 61 13 49
16 11,9 4 16 6
11 3,5 11 19 11
14 13,12 9 10 11 14 13 8
8 18,8 8
12 10,8 0 2 4 2 12
9 8,42 8 25 17 9 17 9
15 11,5 1 7 7 1 15 5 7
8 10,10 12 8
7 9,7
5 1,3 1 5
16 8,9 1 5 8 3 2 4 1 0
11 16,21 11 36
12 5,5 12
8 2,2 40 34 10 22 16 4 8 28
19 3,7 8 7 5 9 8 0 6
19 4,8 7 7 6
11 9,7 9 11
2 3,4 2
19 4,1 4 1 9 4 3 3 2
5 17,5 17
4 11,5 4 4 5
14 6,6 2 18 14 10
14 9,1 0 6 8 4 2 8 6
2 10,4 2 0 4 0 2 2 2
5 18,5 41 14 23 18 5 19
6 5,6 5 2
5 15,3 9 7 1 9 1 5 7
17 18,0 3
10 17,10 31 38 59 45 52 17 24
13 18,2
6 19,9 6 3 1
7 8,3 2 8 7 0 3 3
5 20,4 6 1 6 4 2 0 2 0
6 11,11 17 6 45 28
7 11,7
1 19,27 55 91 19 45 37 1 9 73
9 1,7 9
19 14,7 30 47 27 14 19 33
19 12,2 2
3 4,7 4 3
12 1,1 18 27 27 41 14 9 13 12
2 6,8 2 6 8 22 36 14
18 12,18
1 1,1 1 3 2 5 8
16 1,31 16 14 31 16 31 16 14 14
16 9,9 5 2 12 16
1 18,1 4 5 8 5 1 2
7 6,6 1 8 7 8 6
2 16,16 2
17 9,1 17 23
12 17,12 25 46 29 17
8 4,12 4 8
15 3,3 18 21 15 39
2 6,5 3 1 2 7 4 8 6
8 5,5 1 4 2 8
2 3,2
18 15,0 2 0 7 7 0 7 7
19 11,1 1 2 2 1 3 9
1 14,1 40 14 53 27
16 10,1
8 4,8 12 8 0
7 6,2 2 5 1 7 1
16 11,11 16 27
3 18,3
17 15,32 5 15 36 29 47 31 17 26
6 13,1 17 33 34 32 13 6 19
16 15,1 4 5 5 1 0 2 0 6
6 6,12 8 11 6 14
16 1,29 1 14 16
9 4,3 6 6 3 3 6 3
5 5,19 10 11 17 16 5 7 13
3 9,1 9 3 3 3 3 5 5 3
8 13,2 8 3 1
13 11,3
19 15,15 11 19
3 5,5 13 3 8
17 4,46 21 5 17 38 21 17 25 4
15 4,6 0 6 0 6 0
15 4,15
19 2,2 9 1 1 0
17 18,18 17 35
18 7,4 18 29 18 4
16 6,4 24 16 14 6
13 12,1 7 6 7 5 6
2 3,2 7 14 8 4 10 13 16
15 9,3 15 9 3 15
18 18,3 2 4 4 4 2 2 2
1 1,1 3
6 11,36 16 31 11 6 26 21
4 14,4 4
7 9,7 9
1 2,3 4 2 1
7 19,1 3
19 3,13 35 13 13 35 19 19 19
19 18,18 5 37 36 47 39 42 19
1 16,16 76 31 6 46 61 21 91 1
15 4,4 15 18 40 7 29
1 11,1 21 31 11 1
18 4,10 32 10 18 18
7 7,7 7 7 7 7 7 7
11 4,6 4 4
16 18,32 28 30 20 24 16 26 18 22
3 7,35 27 47 23 3 1 11
5 17,89 77 65 29 53 41 5 1 17
18 7,4 29 18 29 18 18 4 4 29
2 13,6 6 0 8 8 4 2
13 9,9 13 3 11 7 1 5
12 13,6 5 5 6 5 6 1
9 11,9
11 4,17 38 45 4 11 10 24 3 31
10 20,10 30 40 80 50 60 20 70
20 18,16 10 20
8 18,4 1 4
1 15,29 1 15
15 9,1 3 5 5 5 3 3 3
3 3,9 15 3 11 14 8 20 5 17
10 20,0 0 0 0 0 0
9 18,18 27 9
6 20,2 0 0 2 0 0 2 1 2
11 18,18 11 25 32
3 12,6 3 3 6 3 6 6 3 3
20 13,13 20
8 7,6 0 2 3 8
18 15,8
15 20,3 0 0 0 0 0
6 5,0 3 3 0 3
3 19,5 7 7 5
17 3,7
12 15,3 2 5
11 2,11 7 2
1 7,49 13 1 31 37
12 11,7 34 12 23 41 11
9 5,22 35 33 37 19 9 2 14 5
10 6,6 6 10 2 10 2
8 9,13 14 10 8 12 11 15 9
11 15,3 1 1 3 5 5
20 2,6 0 4
17 11,11 13 1 5 17 19 7
6 14,6 14
8 18,8 8 0 0
20 1,20
3 1,4 3 3 6 2 1 5
15 3,10 21 49 3 18 15 39
7 8,13 7 15 12 18 9
9 5,5 4 4
8 4,4 8 28 44 12 16
4 1,4 2 8 5 1
8 20,8 1 6 0
1 7,1 31 23 3 13 17 37 35 49
13 16,16 13 19
6 20,6 0 4 6 6 0
16 6,16 4
14 10,4 8 4 0 1 0 2 6 6
4 15,3 17 34 4 27 37 40 19 15
10 18,10 18 46 24 14 44 8 20 28
18 12,18 6 12
2 2,6 4 8 6
5 9,13 3 25 37 29 23 5 49 11
17 10,11 18 3 18 11 3 17 3
9 16,9
13 17,47 30 13 17
17 11,2 2 7 2 0 1 0 1 1
18 6,8
16 2,30 16 16 12 12 12 30 16 30
13 20,47 27 13 48 5 19 40
17 2,17 32 17 13
11 14,11 29 14 26 23 32 17 35 20
13 13,9 6 1
5 13,13 5
4 7,2
4 19,9 8 7 7 6
13 5,7 6 5
15 7,1 5 3 1 7
1 10,1 0 1 2
5 18,5
19 14,19 33 47 14
13 18,3 4 4 3 1 8
7 4,11 4 2 7 1 8 5 17 14
20 20,0 0 0 0 0 0
19 20,19
13 7,5 0 5 8 3 7
4 12,2 3 4
13 4,13 4 17 21
12 17,4 2 0
17 7,3 13 23 33 7 17
11 5,11 7 1 5
10 12,10
16 11,6 16
5 9,5 17 13 21 9
12 15,1
3 11,3 3 3 3 3 3 3 3
17 2,3 0 7 3 2
3 6,36 18 45 9 27 3 39 4 21
13 4,1 5 3 2 3 4 2 4
14 6,8 2 0 4 6 6 8 0 4
4 17,9 17 38 47 3 9 4 6 21
11 19,2
8 18,1
12 15,18 21 33 12 27 30 24 15
2 4,8 4 14 2 12 6 16 18 10
14 15,2 1 4 5
19 4,19 86 26 41 56 1 4 11 71
15 19,8 5 2
20 14,4 8 0
5 8,5 47 11 23 29 20 41 38
4 10,0 4
20 20,4 0
13 8,3 2 8 12 13 7
19 19,19 19 7 2 38 45
12 14,28 24 22 12 16
19 13,2
1 5,0 5 1 2
1 11,11 41 31 21 11 1 1 21
4 2,0 4 6 4
4 18,18 12 2 40 22 4
2 15,28 17 2
4 19,29 19 44 24 4 34
12 18,34 46 14 24 48 10 28 42 12
11 3,1 1 2 3 2
5 20,35 5 30
16 4,6 4 5 5
14 17,7 0 4 2 1 5
8 12,9 6 1 8 3
4 5,5 4 6 7
8 11,41 26 23 14 32 8 44
3 2,6 6 6
19 2,21 19 23 2
7 20,5 7 7 0 8
10 20,50 30 20 40 10
17 17,8 2 9
13 15,15 28 21 13 43
15 6,6 15 21 39 30 3 12
10 1,10 11 12 1 23
2 10,2
1 20,1 20
4 6,6 14 12 10 8 4 16 18 20
20 18,8 2 3 0 6 0 4
7 11,2 1 7
8 4,8 4 0
20 6,20
4 13,3 4 4
16 14,4 5 2 6 2 4 5 3
3 17,1 1 5 5 5 1
1 16,1 61 91 46 31 16 76 6
7 20,27 7 20 47
19 5,24 3 5 29 19
2 14,4 2 0 6 2 8
4 11,4 8 25 33 11 41 17 15 26
14 5,5 4 22 13 40 31 14
1 4,4 1 7 13 10
10 5,5
4 14,44 24 74 64 14 4 54 34
18 5,9 0
3 9,1 3 5 3 3 5 3 3 9
1 13,13 1 25 73 61 37 49
9 18,9
5 18,0 1 0 5 1 2 8
9 5,5 35 9 2 33 37 19 14
6 20,2 2 0 0 0 1 2
9 1,1 10 11 9
7 11,7
19 4,11 19 19 11 34 34 11 34 19
13 19,13
13 8,13
11 4,4 4
16 5,1 1 5 0 1 6
18 9,7 4 8 9 8 6 7
5 11,17 41 3 5 35
2 8,44 20 24 10 8 2 18 46 28
4 8,16 36 20 24 4 12 8 32 28
2 5,2 7 5 12 19
3 15,3 18 15
3 9,3 3 1 9 3 5 5 3
16 1,29 14 16 1
9 20,20 9
11 6,1 1 6
6 11,5 1 6 2 4 0 5 1
15 2,2 5
11 17,41 11 47 23
10 5,0 15 10 10 10 15 0 0
14 18,2 2 7 5 9 4
15 16,16 15
5 19,5 19
17 11,2 1 7 1 0 2 2 0 1
14 18,14
20 3,0 2 4 0 2 6 6 8
14 8,0 0 0 0 0 0 4 8 0
1 4,47 4 37 1 10 23 14 9 5
18 16,8 8 8 2 8
18 11,18 4 10 4 17 17 10
11 11,1 3 1
18 11,4 11 18
12 13,14 13 15 12
7 15,3 1 1 5 3 3 7 1 3
19 2,23 17 2 44 21 19
8 2,14 4 4 8 8
4 15,4 15 26
17 4,8 2 0 8 6 0
9 5,9 1 7 11 1
20 9,20 38 9 5 29 17
2 17,9 4 8 3 6 5 7
8 17,26 25 17 8 9 42 17
18 11,8 9 9 9 8 1
6 20,48 34 20 6
1 13,0 1 2 2 3 2 1 1 1
16 7,2 7 4 0 6
19 12,19
7 13,20 36 7 13 3 33 25 39
5 13,3 4 5
2 4,2 4
20 17,4 0 4 7 0
7 4,4 15 41 17 11 8 7 26 25
8 20,2 0 8
19 14,6 1 14 4 11 21 9 19 16
3 8,11 8 3
18 11,40 18 11 29
12 17,37 22 2 12 42
3 3,5 3
1 9,1 49 33 25 9 41 17
20 19,4 9 2 3 0 3
6 7,9 8 6 10 7
20 16,20 16
10 16,10
20 19,20
2 4,2 4
17 19,36 17 19 5 41
8 19,8
18 4,8
9 1,1 7 15 9
10 18,18 20 14 44 28 10 46 24
11 5,7 1 11 5
13 9,1 3 1 3 3 9
10 8,8 2 1 1 2 9 0 3 0
17 6,17
19 6,0 6 6 9
13 8,1 1 3 0 8
12 3,6 12 21 12 6
9 13,7 1 1
2 17,2 32 17 42 27 22 32 12
19 5,9
19 11,9 2 1 0
4 6,10 8 4 14 6 12
20 17,5 5 20 4 2 14 2
3 2,2 1 3 1 0 4 3 2
15 14,2 1 1 0 0 1 0 1 0
18 19,25 23 20 26 19 21 22 24 18
5 2,9 2 7 5
11 4,15 37 3 19 11 40 27 4 34
18 5,18
10 13,13 10
4 14,4
16 10,14 8 4 14 4 16 8
16 19,7 32 39 16 35 43 4 19 25
11 11,7 3 8 1 4 2 5 1 6
12 16,1 1 6 2 0 2
19 2,15 19 2
11 18,2 8 1 1 1 2 1 0
1 9,25 1 33 17 41 9 49
1 11,3 1 1 1 7 1
5 10,0 5
13 13,5 3 3 1 3 3
16 6,24 34 6 16 4 14
6 12,6 18
5 4,2 5 0 1 3 1
13 18,13
8 18,78 38 58 68 18 28 8 48
14 16,4 2 2 6 3 1
4 5,2 3 1 0
13 3,3 13
7 13,39 33 20 13 25 3 7 36
15 5,15 5
16 18,6 8 0 4 7
9 12,27 15 9 33 30 12 21 24 18
4 17,17 3 6 38 9 9 4 47 21
10 18,24 46 10 28 44 20 14 18
12 11,2 0 12 6 1 4 10 1 7
3 1,3 3 3 3 3 3
19 8,1 5 6 2 3
5 18,41 5 23 5 14 18
6 2,6
16 16,8 2 5 6 7 7 6 9 8
19 16,9 6
10 12,10
3 16,4 4 8 8 4 8 4 8
14 12,0 2 4
8 11,4 5 5 1 8 6 2
5 19,9 5
10 7,41 17 10 7 24
17 4,48 17 61 4 22 9 35
16 2,2 16
1 13,49 73 25 13 97 85 61 1 37
12 3,3
5 19,7 9 5 1 9 3 5
11 9,7 1 11
10 13,1 5 4 0 3 6 3 2 1
14 6,14 10 6 18 2
1 2,3 2 1
18 19,30 24 29 18 26 23 20
17 13,2 3 6 4 1 2 5
15 8,1 6 27 8 20 15 13
8 12,1 5 9 0 8 6 3
20 6,0 6
3 4,2 3 0 2 2 1 4
17 11,17 11
2 19,41 39 4 37 40 36 6 2 38
20 8,20 4 32 20 20 32 4
3 20,20 3
1 5,21 1 33 25 9 45
16 4,16 4
1 5,7 6 7 5 6
12 3,6 6 12 12 21
16 20,20 24 28 16
9 1,11 21 32 1 9 10
16 7,16
18 15,12 18 3 0
20 17,2 4 3 0 6 8
2 5,5 2
20 3,0 2 8 6
15 1,83 13 97 27 15 41 69 1 55
16 12,16
7 20,72 85 59 46 20 7 33
13 1,25 13 11 13 11 25 13
2 20,2 38
5 5,5 7 10
20 15,20
8 4,3 2
17 9,3 5 1 7
1 9,9 0
12 20,10 12 2 28 26
18 16,8 8 2 8 8 8 8
14 6,46 22 6 14 20 26
1 9,17 1
5 6,9 11 7 10 6 8 5 12
15 4,23 15 19 4
3 8,8 30 3 49 19 11 29
1 12,1
18 11,9 1 9 8 9 8
2 11,47 2 20
6 8,6 10 18 30 28 22 16
8 2,8 4 2
16 7,23 30 16 3 7
16 18,16
7 19,31 17 7
3 18,33 3 28 43 13 18 33 23
3 11,3
6 16,6 6
17 8,17 26 17 17 1 1 26
10 6,6 10 2 6 2 2 10 10
1 2,3 4 4 2 5 5 3
14 9,9 14 6 1 4
19 5,19 33 9
19 11,11 19 3
20 4,20 4 24 28
20 3,65 20 14 3 16 99 48 31 82
9 10,9 20 23 14 21 15 17 11
2 4,4 26 6 2 10 16
6 16,9 9 9 6 6 9 6 6
3 14,2 4 4 2
9 20,0 9
17 17,3 4 7 7
17 10,2 1 1 0 7 9 4
9 19,9 25 19 47 22 47 28 19 16
8 14,0 0 0 0 0 8 4
12 3,3 3 6 6 3 3 6 3 6
15 12,0 15 9
1 14,1 1 1 2 4
13 4,22 13 5
15 6,15 24 3 3 15 3 15 24
9 16,15 9 44 43 1 36 23
13 4,23 32 13 4 5 14
14 17,9 2 8 2 5 3 0 4 7
15 13,2 3 5
1 8,1 29 8 36 43 15 50 22
10 7,4 2 1 7 10
20 16,8 4 0 4 12 20 16 8
6 4,4 2 2 4 4 2
17 14,4 3 2 3 5 2 4 7
10 1,10 1 8 17 26
17 2,21 2 11 17 40 19
10 10,0 0 0 0 0
1 11,51 1 21 61 31 71 11 41
19 15,8 6 8 2 1 7 0 9 5
11 8,19 11 8
5 6,3 5 0
14 9,4 11 11 4 14 4 11 6 6
17 4,61 17 35 9 22 48 4
6 9,6
20 8,20
4 12,2 4 1 3 3 4
20 7,8 5 0 3 5 7
1 18,35 1 18
16 1,14 31 31 16 14 16 14 16
17 10,7 1 9 0
16 9,6 2 3 4 9 3 5 6 1
2 10,2 0 48 38 14 18 16 42 40
8 13,8 3 1 2
11 11,11 11
20 17,7 0 0 4
19 3,3 9
8 5,0 6 4 8 0 6 4 2
7 8,5 6 6
16 20,16 20 24 28
13 9,1 3 1 9 3 3 3 1 3
18 20,4 0 20 18 38 46 8
15 19,34 19 37 27 3 15 17 44 40
15 2,3
19 5,1 5 1 5 5 1 3 9
9 6,15 6 9
13 19,0 3 9
2 18,34 2 18
7 8,7 9 13 12 15
4 8,8 4
9 12,21 28 33 41 9 4 37 12
3 16,19 16 3 39 35 4 43
14 14,9 1 3 6 1 8 0
3 9,5 3 9
5 11,17 5
16 7,20 7 38 16 47 29 2 11
8 4,8 4
4 2,8 8 2 4 7 0
12 10,1
1 11,1
19 12,4 3 2 2 0 8 9
7 8,7
15 19,8 8 2 5 5
13 3,13
2 12,2 22 12 32
8 7,7 8
11 16,6 8 7 1 1 9
1 15,2 2 5 1 0 1
19 15,7 5 9 1 6
19 7,7 9
19 15,2
10 20,0 0 0 0 0
19 16,16 19
4 12,20 4
19 18,18 19 15 17 14 16
5 2,2 5 16 16 9 41 25 7
16 2,8 20 0 4 38 2 18 16 46
17 13,9 3 7 5 13 11 1 17
4 3,2 2 1
18 6,0 1
19 14,2 7 6 6
13 7,3 7
19 19,19 24 21
4 8,2 4 7 6 5 3 5 4 3
2 2,2 2
2 16,6 2 2 6 0 0 2 6 5
15 8,1 15 8
3 12,3
13 19,13
6 15,0 9 9 0 0 9 0 9
5 13,49 5 31 9 29 18 38 13 30
13 3,3 3
3 13,3
6 7,7 2 2 6
4 2,4 0
4 18,2 7 8
5 4,3 0 1 3 4 2 2 5 1
3 13,9 3 9 3 3 3 9 3 9
10 1,1 8 10 17 35 26 44
5 4,3 3 5 0 4
18 20,18 20 22 24
7 14,14 7
9 3,3 9 15 27 19 30 11 42 12
12 8,2 8
5 12,0 8 6
9 2,1 1 8
17 18,0 4 0 8 6 3 2
11 16,20 29 27 11 33 16 46 43 13
6 12,18 12 6
5 7,5 15 9
6 20,26 6 34
4 1,4
1 17,29 38 3 20 17 41 1 18 35
2 7,2 7 4 4 1 2
15 2,15
15 14,15 2 14 22 29 37 15 43
19 1,5 9 1 2
13 9,3 3 9 1
17 8,17 26 1 17
17 14,18 21 45 17 14 31 47 26 15
19 7,1
18 15,18
5 3,8 5 29 11 19 30 49 28 3
18 8,8 0 8 0 0 0
13 12,9 6 7 10 8 13 11 12
14 14,0 4 2 0 2 4 1
4 10,16 34 22 4 28 40 10
14 15,26 19 25 20 14 22 16
5 10,5 10
16 18,28 16 20 26
11 3,5 3 5 3 7 7
13 9,1 3 3 3 1 9 1
9 7,9
17 11,7 8 9 1 2 0
2 20,20 2
4 14,14 32 14 4 32 0 32 18
7 20,7 20 33 46 59
18 10,18 30 22 2 14 6 10
5 15,5 6 5
2 6,3 1 4 2
20 16,12 20 16
1 14,1 1 1 2 4
12 16,1 2 1 0 6 1 2
7 1,17 1 8 9 7 26
3 11,3 1 2
12 14,0 2 4 4 0 2 2 2
17 7,3 27 17 3 27 3 17 17 27
7 13,0 9 2 1
3 18,3 10 49 21 18 39
17 3,11 31 17 11 17 31 31 11 17
7 4,8 2
4 12,20 4
8 17,1 8 7 5 2
3 14,69 3 36 47 58 14 25
3 9,3
14 8,1 1 7 3 6 4 5 2
12 19,2 2 8 8 2 2 2 8 8
9 16,4 4 4 4 4 4 4 1 4
15 17,19 25 39 27 15 43 37 31
5 20,35 5 45 30
8 11,5 1 2 8
2 10,18 2
12 1,12 23 12 23 10 12 10 23 10
4 18,18 32 46 4
12 6,2 6 0 6 0 2 2 6 5
8 17,8 7 1
5 19,5 7 9 1
7 20,1 6 0 7 2 5 1 4
8 5,4 5 8 2 1
8 11,11 14 17 8
13 16,37 13 5 49 19 28 46 31
1 1,1
9 15,1 3 5 3
12 7,12 2
10 15,10
2 1,2
2 17,47 77 62 2 17 32
3 8,2 2 2 4 4 4 2
1 15,8 6 7 5 2 1 3 4
14 15,5 1 2 0 4
4 19,34 4 29
11 2,2 5 7 7 1 2 3
4 7,22 19 10 4 28
6 14,14 6 22
19 6,19
4 11,6 7 5 4 7 6 5 4
3 9,21 3 15 27 33 9 39
10 2,4 3 2 2 0 1 6 3 5
17 15,3 7 5
17 10,3 17 11 18
11 5,11 7 5 1 13
2 6,8 2 6 2 22 14 36 44 8
8 14,2 6 5 1 1 3 8 4 7
17 16,3 15 6 11 0 12 17 5 9
5 9,2 9 1 0 5 1 1
9 12,1 8 0
13 19,2 8 6 5 9 4 7 7
20 12,8 2 4 6 0 2
6 6,3
20 11,1 2 0 5 5 0 4
14 17,7 4 0
4 7,8 2
4 8,4 4 2 3 5 5 3 6 7
2 13,3 2 2 0 3
16 8,8 6
9 4,9
8 10,8 46 10 28 24 18
3 4,7 11 4 3 18
10 2,0
10 2,0 2 2 4 4 2 2 0 0
8 6,8 14 6
9 10,1 0 9 2 5 4
15 19,34 3 19 37 40 15
19 3,22 19 25 3
18 8,44 34 8 10 26 4 18
14 1,2 2 1 1 0 1 0 4 1
7 15,7
13 18,3 1 3 8 4 4
11 19,27 19 35 11 43 51
5 6,6 3 5 5
8 13,2 1 8 2 3 1 1 0
9 12,9
2 2,2 2 2 2 2
12 7,12 7
5 15,25 5 15 35 5
9 13,3 7 17 41 29 9 33
5 5,7 5
6 20,2 2 2 0 2 1 0 0 0
15 16,28 15 31 25 16 3 28 47
1 1,1 9 6 13 7 3 12
18 6,18 6
5 2,1 5 5 1 8 8 1 5
19 11,1 3 9 1 2
10 5,0 10 15 5 10 5
17 18,19 28 22 25 17 23
20 4,2 2 4 0 0 4 4 2 0
11 8,11 19 8
9 14,47 14 9 37 10 23 4 7
18 15,6 0 18 3 3 12 9 15
15 7,15 7 25 41 49 33 9 1 17
18 10,2 18 22 14 2
18 4,22 18 26 4
3 19,29 31 3 35 49 33
20 17,4 6 3 0
17 13,13 17
13 20,19 13 27 40 47 48 5
15 13,1 1 5 3 2
6 18,0 28 10 24 16 38 30 6 2
5 15,5 8 5 6
7 18,29 7 12 45 23
7 18,2 1 6
3 5,5 1 5 5 1 1
17 6,0 1
3 8,8 18 13 23 3
17 16,17 12 15
19 13,7 2 4 8 5
9 6,9 3 6
18 13,3 3 8 4 1 2
14 12,4 8 6 0 2 0 2 1 8
18 16,18 16
10 7,5 2 1 7 4 10
8 19,4 1 2 9 5 6 7 1
2 10,22 34 12 46 6 2 40 10
5 8,8 5 5 3
20 5,0 5
17 5,5 17 22
18 20,26 20 18 28 24 22
16 3,16 10 10 16 29 29
11 10,1
10 10,21 18 12 16 15 10
17 19,17 41 19 36 46 5
18 15,4 2 5 1 6 8 5 1
3 18,3 9 10 39 18 49 21
11 5,11
3 9,3 45 33 27 21 39 9 15
15 18,15
10 5,1 1 1 2 0 0 2 5 0
13 2,9 31 13 20 2
12 20,20 12 36 28
11 3,3 11
19 11,11 30 41 19
17 14,4 7
10 5,0 5 10
4 2,0 8 10 2 6 2 4 4
14 18,14
3 16,3 42 68 16 29 55
15 7,7 22 15 29
5 5,5 5 5 5 5 5 5
8 8,8 8 8 8 8 8
8 19,8 74 63 30 52 41 19
13 19,25 13 19
16 13,16
9 17,5 3 1
13 2,13 2
20 17,8 20 14 11 5 2 17 1
5 6,6 6 5 5 3
12 12,36 24 12 46 8 2 6 12 10
10 10,10 10 10 10 10 10
19 13,32 19 13
17 16,7 3 6
20 6,1 4 0 2
4 18,8 4
8 4,4 8
14 13,2 4 0 1 8
7 18,25 18 7
9 5,7 5 1 15 9 11 3
16 10,16
10 1,0 1 2 1
4 10,2 2 0 1 2 0 4
3 8,18 3 28 23 38 8 33 13
15 19,27 23 19 15 31 35
10 19,0 1 0 2 2 9 3 1 1
1 19,5 48 7 39 1 9 19 20
20 13,0 4 8 2 2 6 0 2 6
20 4,4 4 0 0 2 2 0 4 2
4 18,4 32 24 38
8 2,8 6 10 2 22 34 12
16 8,2 1
15 3,3 5 4 4 5
8 7,6 5 7
10 3,1 3 2 0 4 5
1 15,5 1 1
15 9,15 3 3 3 15 9 9 15
18 11,10 10 4 18 17 17 4 4
14 6,8 4
14 3,2 4 3 5 3 4 2
18 10,18
5 17,5 17
15 3,49 39 9 3 15 18 10 21 8
11 14,1 1 4 2
20 9,9 0 2
1 19,5 48 20 19 1 9 7 39
8 5,8
14 20,20 38 4 34 30 42 14
9 16,6 6 0 2 2 9 5 6
1 14,53 1 79 66 14 27 40
6 20,6
2 17,2
5 4,5 4 9
9 7,1 1 5 9 3
15 7,3 5 7
20 3,0 4 0 8 6 2
9 7,3 3 9 7 4
6 14,5 6 4 6 5
16 18,16
1 10,1
12 18,8 2
4 9,3
3 19,9 1 3 3 1 3 3 3 1
20 7,6 20
13 6,7 4 6 7 3
17 7,7 5 5 5 3 3 7 1
10 9,10
20 11,16 20 25 2
10 7,5 10 2 4 4 5 4 5 2
20 20,0
5 20,5 30 35
15 15,17 21 20 23 15
9 18,81 45 36 54 18 9 27 72 63
15 2,15 24 37 11 2
17 14,4 5 1 8 17 14 2 11
17 11,17 5 11 7 1
2 1,2 2 1 0 1
10 20,10 30 40 20
8 2,0 4 4 2 8 4 2 0 2
15 13,19 28 29 10 13 39 41 15
16 11,4 16 9 4 6 6 9
7 4,8 1 8 8 1 5 7 5 1
12 7,21 3 12 37 45 26 19 7 16
6 17,2 4 0 7 0 4 6
17 1,7 3 9 5 1 1
3 12,3 3 3 6 6 6
11 17,2 0 7 0 1 2 1
20 5,4 5 4 5 3 0 0
1 7,7 1 13
19 19,3 2 6 8 3 7 1
2 9,44 37 2 16 8
11 2,11 2
6 2,2 2 2 2 6 2
20 19,0 3 9 3 4
1 15,1 1 2 2 4 5 0 0
11 13,11
5 10,6 5 0 9 7 2 1 4
1 5,1 9 13 5
6 4,4 2 4 4 4 2 2 2
16 2,16
14 6,4
3 13,3 13
20 7,3 7 5 0 8 5
14 18,38 14 8 46 22 34 20 12
10 6,22 10 16 6
19 16,36 1 16 19 35
13 20,27 13
9 8,9
16 16,16 16 16 16
3 4,3 4
13 12,6 1 5 7 7 6
2 3,3 2
11 7,11 7
1 20,1 20
8 4,8 5 1 9 2 7 3 4 6
2 14,14 26 2 38
1 15,1 15 57 85 43 29 71
12 13,18 12 13 14 16 17 15
4 15,34 19 15 37 3 4
11 18,47 18 11 23 29 26 49
2 20,0 0 2 2
3 14,14 17 3 31
1 20,12 1 20 21 41 3
6 6,6 6
16 1,16 14 14 16 31
9 2,13 9 37 11 24 11 2
10 10,1
6 14,6 5 5 4 6
16 9,1 6 4 5 5 7 7 6 4
1 2,7 1 3 9 6
9 4,3 3 6 6 3
6 7,4 2 4
1 5,1
14 20,0 44 26 14
14 20,26 14
16 12,1 2 9
4 15,4 15
5 11,17 35 23 5 29 11 41
18 12,2 8 2
9 2,9 5 5 16 16 9
9 1,9 9 9 9
13 18,38 13 23
11 20,20 47 38 11 29
1 8,31 19 17 8 26 12 9 1 43
17 20,2 7 0
19 2,19
13 5,19 13 41 14 18 23 5 5
9 8,3 7 4 9
8 13,8
20 16,18 28 20 16 40 38 2 36
17 14,14 45 26 31 21 17
14 13,5 2 2 3 4 1 0
13 18,3 23 38 13 43
8 5,8
9 1,7 23 15 1 9
3 15,27 3
19 19,7 2 3 6 1
16 16,5 6 6 2
19 9,0 0 0 0 9 0 9 0
2 17,32 27 17 2 32 42 22
17 7,3 7 1 1 7 3 5 5 5
13 12,3
18 16,18 6 14 8 2
11 13,0 3 6 8 5 7 4 1 9
15 2,15 11 11 28 11 15 15 28
3 20,0 6 0 6 0 6
3 2,7 7 2 6 0 3
6 2,2 10 6
16 8,0 0 16 16 0 16 24 24
9 17,9
11 16,41 16 21 11 36 21 31 1
13 1,4 2 4 3 5 3 6 1
8 5,18 13 8 5 31
8 8,8 4 6 0 6
7 15,47 23 7 21 5
7 18,7
5 19,3 33 75 17 19 5 47 89 61
15 13,3 5 2
4 7,22 19 4 28 10
13 15,23 15 13 17 19 21
3 6,9 3 21 18
20 5,0 0 1
19 13,3 1 4 5 9
16 8,2 4 8 4 6 0 4
20 1,20
6 11,6
5 14,7 9 0
20 16,12 20 0
20 2,2 0 0
11 6,11 1 9 9 14 1 14
18 18,18
16 6,28 28 0 16 6 22
15 16,16 47 28 25 31 3 15
8 7,1 8 5 9 0 7 6
9 11,9 9
5 12,19 5 40
10 14,38 0 12 12 14 10 24
3 17,59 1 15 3 45 87 31 73 17
6 3,6 9 0 6 0 0 9 6
11 11,11 11 11 11 11
13 4,21 4 17 38 9 13 47
16 18,16
9 19,1 7 7 1 1 7 7 1
10 16,28 10 16 34 22
2 15,41 15 28 67 2 54
8 17,5 8 1 1 2 1 5 0 7
12 1,2
15 18,7 2
18 10,0 8 2
9 12,15 42 24 1 27 45 33 9
12 18,2 3 1 1 8 4
10 14,1 1 5 0 4
6 5,1 2 0 2 6 1 1 4 0
17 19,17 21 27 39 29 33
11 11,11 11
19 13,11 7 5 19 7 11
1 9,9 29 10 1 19
10 19,5 10 14 9 32 28
15 5,5 5 5 7 7 7
4 10,2 7 1 3 4 0 5 6 8
3 3,9 9 9 9 9 9 9
7 12,17 47 12 27 17 37 32 7
17 20,17
4 2,4 0 6
15 12,12 15
16 13,2 0
18 10,8 0 1
14 13,13 10 12 11 14
14 9,1
3 6,3
12 18,2 8
17 5,7 17 5
5 9,2 5 9
18 19,18 20 19
8 16,16 8
1 10,1 27 19 4 46 23 5 0 9
2 20,0 4
1 11,41 31 21 11 21 1 11 1
8 2,6 1
19 1,17 19 19 37
15 6,27 15 48 21 6
12 5,17 12 39 5 22 11
5 20,0 45 15 5 25 20 35 20
16 7,6 0 2 0 4 4 7
13 12,7 6 6 1 5 7 8
5 3,1 3 3 5 1 3 1 3 1
11 9,11
17 3,17
2 3,2 8 4 8 4 2 0 0 6
1 18,1 18
20 16,0 3 2
20 15,20 35 15
5 5,1 8 6 0 5 7 4 2 9
19 7,19 7
13 12,3 2
15 12,5 2 0 6 2 5 1 4 4
1 13,1
5 16,1 2 1 5 6
12 20,24 48 10 12 0 28 2 26 8
16 9,16 19 2
8 10,20 30 12 18 24 8
10 15,0 5 6 1
15 5,5 7
1 3,3 18 1 26 4 29 7 11 47
13 7,0 3 2 9 4 1 1 2
19 5,19 19 33 9 19 9 33
6 1,1 7 6
1 6,1
2 18,3
6 11,6
1 7,37 31 1 17 13 49
6 20,6 6 6 4 0
12 13,12 38 13 13 25
13 8,8 37 29 29 8 13 21 29 0
11 17,35 11 29 17 23
20 11,0
3 6,0 1 0 6 3 2
10 9,5 7 6 8 10 9
13 9,1 7 2 8 1 3
18 4,18 18 10 32 10
1 17,3 17 38 1 35 18
16 15,15 16
2 1,2 1
3 17,3 31 17 45
10 12,34 12 22 10
6 16,56 46 36 66 76 16 26 6
7 7,5 9 4
8 20,32 56 20 68 44 8
2 1,0 6 8 4 6 8 2 4
3 3,9 9 9 9 9 9 9 9
5 5,7 16 10 13 11 5
6 2,10 6 8 2
1 7,0 9 9 7 8 8
1 11,21 1 11 1 31
9 12,15 9
2 12,6 2 8 8 4 4 6
13 7,1 13 7
17 5,5 17
17 15,13 17 7 9 15 11
8 7,9 5 6 8 7
2 6,2 2 2 2 2 2 2 2 6
18 10,1 0 0 8 8 0 8 8 0
7 20,7 22 33 11 0 35
15 20,5
2 6,22 8 14 2 44 6 36 8
20 16,4 20 12 0 16 8
18 7,18 29 4 18 18 29 4
10 16,40 46 34 22 16 10 28
13 9,3 3 1 9 3
13 17,1 2 2
9 12,27 42 9 24 33 15
11 14,17 14 11 23 20 26
13 17,17 21 13
11 8,5 5 8 4 1 1 2
8 18,8 8 0
6 15,6
7 3,7
20 6,64 50 78 8 36 20 6 22
18 4,32 10 32 18 10 18
10 17,44 21 10 15 27 17 1 36
6 5,0 0 3 3 3 0
13 9,31 21 37 34 13 22 9 3
13 20,2 6 0 7
3 20,3 1 0 3 0 0 1 2
18 6,18 6
20 9,8 1
8 12,32 16 2 28 8 40 6
2 5,14 2 17 8 5 20 11 23
9 18,17 27 6 18 39 22 9 45
3 19,3 35 51 83 19 67
14 17,14 17
19 13,19 22 32 27 13 45
18 4,38 10 24 4 18 52
14 4,24 14 14 6
13 4,5 2
12 2,2
2 15,28 17 45 8 34 2 30 6 23
9 8,7 2 2 7 2 7 7 2 7
3 5,3
18 16,8 14 2 10 18 16 12 4 6
11 17,23 27 47 41 11 9
6 20,20 46 26 6
1 15,1 2 1 5 2 0
7 19,6 5 3 4 6 3 1 5 4
18 13,4 5 2 2 3 8 3 4 1
3 9,2 7 2 7 7 2 2
17 13,17 39 16 43 23 13 30
2 12,12 2
6 19,6 71 84 58 97 10 19 45 32
17 14,11 17 8 14
13 9,3 13 7 5
15 11,6 5 1
2 11,1 2 4 0
18 14,18 14 32
4 14,74 64 54 34 24 14 84 4 44
6 12,12 36 18 42 24 30 6 48
1 7,7 37 13 1 19 31 25
9 8,7 9
6 11,5 6 1 2 0
2 8,4 2 0 0 4 2 8
18 16,8 6
14 20,0 4
7 11,29 23 26 7 11 47 18
11 6,11
14 5,0 1 4 6 9 2 7 3
5 6,5 10 7
14 16,46 48 16 20 22 26 14 30
9 14,2 2 2 6 1 6 2 6
10 6,2 10 6 10
15 3,3 45 33 57 15 9 21
16 3,3 16 19
5 1,7 6 5 1
2 14,4 2 0 3 3 0 4
20 13,0 8 2 0 2 4 6 2
1 3,4 1 3
4 12,12 22 4 28 16 44
9 10,29 10 19 2 48 9 27 25 27
16 5,27 16 6 6 16 16 27
11 4,38 45 17 4 10 3 31 11 24
3 14,80 47 14 58 69 3 25 36
15 10,10 5 5 5 15 10 5
4 8,4 8
7 20,4 5 0 1 1
10 5,15 10 0 0 10
9 2,13 37 24 9 11 2
17 12,17 7 8
19 8,58 25 14 69 36 8 47 19 3
4 16,20 36 16 4
7 5,3 1 3 7
7 6,5 6 3 7 4
4 10,4 28 10 22 16
4 8,4
10 18,26 10 0
6 6,3 6 6 6 3 3 3 6 3
11 12,23 12 11
8 1,2 2 8 0 0 4
16 16,16 21 22 18
20 7,20 6
10 6,0 2 4 4 2 6 0 0
7 6,7
14 20,20 34 14 38 4
6 6,6 6 6 6 6 6 6 6
15 5,7 5 5 7 7 5
18 10,1
8 1,2 0 0 8
13 13,0 6 7 1 9
13 16,31 28 13 19
15 20,0 0 0 0 0 3 0
14 8,22 8 14 30
7 10,8 0 1 2 0 9 7
7 11,27 15 7 1 39 31
8 1,8 1
7 19,4 6 5 1 3 4 5 3
16 20,44 16 20 48 40 24 32 28 36
16 12,4 8 16
13 7,7 3 8
16 11,7 1
5 3,1 5 3 3 1
4 19,34 29 24 44 4
20 15,6 4 2 3 4 0 0 2
16 11,6
1 8,2 1 9 2 1 9 0 8 0
17 3,9 1 5 1 7 3 5 7
15 2,0 3 3 0 3 0
12 19,2 8 2 2 8 8 2 2
15 13,9 1
9 13,13 35 22 42 7 9 49
1 20,39 1
2 15,0 3
3 12,30 48 39 3 21 57 66 75 12
17 3,7 7 0 8 4 3 8 2
16 7,16 23 3 7 30
3 3,3 3 3 3 3 3 3 3
5 14,5 6 4 1 5 0
8 13,1 2 8 3
7 10,21 44 27 15 10 7 17
1 16,1
11 17,1
11 5,13 1 19 11 5 7
14 15,4 1 1 5 2 1 0 2
1 7,15 8 1 7
2 14,4 4 0 2
6 20,6
5 18,44 57 18 9 96 31 83 5 70
16 17,16 21 19 18 20 17
12 4,4 4 12
20 1,18 20
17 15,5 5 2
14 19,29 14 19 34 39 24
17 2,7 6 3 8 0 9 4 5
4 9,4
6 19,4 1 1
12 14,16 12 22
7 4,6 7 6 1 4
13 18,8 3 3 1 4 4
18 20,6 6 3 0
1 7,8 7
16 20,20 24 16 28
6 6,6 8 11
11 2,2 3 5 1
11 6,11 1 6
8 13,8 2 4 6 1 0 4 6
2 17,8 5 7 4 6 3
8 19,2 8 8 9 2 7 7 6 4
10 15,5 3 5 0 5 0 4 4
10 3,17 10 4
4 2,8 2 4 2 4 6 0
2 10,10 2 34 26 18 58 42 50
20 9,20
16 10,6 0 1 1 7
15 8,39 4 8 15 24 35 23 31
2 11,20 47 24 2 6
7 20,0 7 7
18 17,12 16 13 18 14 15 17
9 14,9 4
12 5,2 16 5 9 12
12 5,6 0 0 6 6 6 0 0
5 19,89 33 61 47 5 19 75
15 11,15 7
4 11,0 1 2 4 1
6 5,6 5 27 11 16
9 4,4 13 9
8 17,8 26 17
18 13,4 2 3
8 7,7 9 5 8 6
18 20,20 22 28 24 26 30 34 18 32
10 7,9 7 0 1 2 8 0
2 19,1 1 9 2 0 2
20 16,0
20 11,25 16 25 16 2 20 2
3 11,2 1 3 1 0 2 1 0 2
1 9,19 10 1 9 29
2 12,2 0 8 0 4 6 6 4 8
6 7,7 10 12 11 6 8 14 13 9
8 10,0 0 8
6 20,46 26 6 20
6 5,3 3 0 3 0 0
15 4,15 7 26
13 17,13 17 25 21
5 4,2 6 4 0 2
19 6,6 9 0
14 14,14 25 20 22 19 26 16
3 11,2 0 1 3 0 2 1 1 2
13 10,0 3
10 15,1 1 5 7 6 0
17 8,1 17
5 11,17 5 11 23
4 18,4
7 1,1 7
13 5,5 3 3 6 3 5 6
16 10,16 10 26
16 4,16 4
14 3,4
13 17,11 13 7 45 33 21 37
12 13,14 38 1 13 25 13 12
16 17,22 24 18 27 21 16
7 1,7
8 18,78 18 88 48 58 28 68 8 38
3 8,8 3
6 12,6 40 4 28 22 36 42 18
8 5,18 31 5 8 13 49
2 10,2 2 0
6 16,16 36 6 46 26
15 4,0 0 0 0 6 6 6 6
11 7,9 7 7 9
6 15,24 6 15
14 9,2 1 3 9 4 3 1 4 3
9 5,7 11 1 9
13 1,25 11 13 13 25 13 25 11 11
12 9,9 6 12
2 14,14 22 46 2 30 16 26
9 7,23 12 7 39 16 1 9
1 2,2 1 3
10 6,6 16 48 38 6 22 10 8 10
18 2,3 3 6
8 2,1
6 20,2 1 2 2 0 0 2 0
2 16,2 3
3 20,3 20
10 2,6 18 10 6 10 18 10
2 7,4 3 1 7 4 3 2 2
7 11,5 5 7 2 1
7 7,7 7 7 7 7 7 7 7
12 2,2 12
20 2,0
2 5,8 11 5 2
4 1,6 5 1 4
8 17,3 26 30 8 12 7
8 18,78 18 68 28 38 48 8 58
11 11,1 2
9 9,27 9 9 18
7 5,3 7
8 11,8 9 32 44 23 0 41 26 14
18 10,2 2 22 18 14
12 8,2 8 7 0 8
13 2,9 13 2 31 20
6 4,2 4 6 6 8 4 2 0
6 8,8 6
13 1,13
17 4,17 9 35 61 22 4 48
9 9,9 9
2 18,44 26 34 28 2 30 24 32 48
11 13,3 1
19 2,19 15 36 36 36 15 19 19 15
7 18,7
3 12,0 2 3 3 3 3 2
4 13,2 5 4 3 3 4
16 20,20 28 24 32 16 40 36
4 1,28 6 5 11 1 45 4 23 17
13 6,8 7 8 9
4 15,5 1 6 0 4
15 17,25 19 27 15 31 43 39 37
10 1,0 5 1 0 2 5 1
2 2,2 2 6
10 9,10 2 7 5 9 6 8 3 4
20 7,6 0 4 4 1 0 2 8
7 8,6 5 6
18 7,1 2 6
17 3,7
2 20,2
13 14,41 13 14 27
15 3,4 5 5 4 4 4 5
14 18,4 1 7 2 9 5 6 2
15 10,0 0 5 0 5 1 5 0 5
15 12,12 39 16 15 27
20 20,4 4 4 0 2 2 6 0
19 13,9 4 1 2 6 3 5
9 5,9 5
1 3,6 3 3 3 0 1 1 1
1 10,32 1 35 11 3 21 10
11 9,11
8 19,30 8
5 2,5 8 1 8 1 5 5
2 15,54 93 80 41 67 2 15 28
5 15,15 5 5 35 25
11 2,2 4 6 2 6 4 8
11 5,37 5 11 8 21 16
4 20,2 4 2 0 4 2 0
9 6,43 36 43 9 15 0 7 6 21
11 2,43 15 21 13 14 2 28 11
7 6,8 8 6 1 7
11 2,11 7 7 11 20 20
11 17,17 11
20 5,2 2 0 1 0
5 9,37 29 13 3 5 49 25
18 20,4 4 8 0 2
2 17,2 32 47 62 92 77 17 7
12 15,24 21 15 27 18 12
16 2,38 8 20 18 2 46 16 4
7 7,21 14 7 7
3 12,25 2 3 11 29 7 48 21
16 11,9 16 6 4
12 19,1 3 4 4 2 2 9
18 20,20 8 38 18 46 4
12 19,47 12 18 39 4 26
18 20,22 18 28
18 11,11 9 29 18 19 40 28
6 5,5 6 11
10 10,20 30 10 10
16 18,8 2 8 9
12 3,6 21 12
9 19,9 19
4 19,49 64 4 19 34
9 19,9 19 29 39 19 9
10 13,10
7 17,24 15 7 41 17
18 10,0 8
14 19,24 39 19 34 29 14 44
10 16,0 1 6
3 19,31 27 45 29 49 3 33 35
4 20,0 8
15 19,19 15
14 10,10 2 6 14
9 11,25 33 9 31 21 19 13
6 15,9 0 0 9
10 7,10 5 1 2 4 7
16 5,6 16
10 3,17 10 4 10
17 12,2 4 4 6 0 2
7 8,7 8 15
7 19,1 7 9 1 1 3 3 7
17 1,17 15
9 7,3 3 6 6 3 6
2 13,6 4 6 8 0 2 2 0 8
11 6,14 9 1 1 11
18 7,6 2 2 6 1 2
14 14,20 14 28 42 14
12 11,12 10
1 10,1
10 11,16 12 13 15 10 11 14
16 13,2 2 16 10 5 1 4
12 2,2 0 2 1 2 0 1 1 2
4 20,20 36 52 4
4 5,4 2 5 6 3 0 1 2 3
16 20,6 36 16 20
5 4,4 1 3 2 5 0 1 3 0
5 16,5 27 10
18 8,0 0 0 0 8 0 8
12 1,1 2 1 1 2 1 2 2 1
12 4,4 12 20 12
1 6,1 11 6 16
13 8,13 0 29 8 21
13 1,2 3 6 3 4 1 5 4
5 3,5
20 19,0 3 8
8 10,8
10 17,16 8 24 2 29 10 45 37 44
3 12,3 57 30 39 12 21 48
11 11,38 11 22 11 33 5
18 3,3 8 2 1
12 6,12 0 18 18 12 12 0 0 18
11 19,35 43 27 19 11
3 10,45 17 3 38 9
4 18,0 0 4 8 0 0 0
16 9,2 16 19
15 1,0 0 2 4 1 2 5 4
14 11,1 4 6 0 4 6
15 3,5 4
8 14,8 14
10 18,1 2 8 1 0 1 2 0 0
7 6,33 7 19 1 6 13 32
5 18,18 5 23
1 1,1 1
14 9,6 2 4 8 1
7 18,1 7 5 2 5 0 8 1
14 17,14
8 14,20 8
10 19,14 10 18 36 28 5 9 32
8 19,8 4 7 6 7 9 8
3 17,49 31 21 7 37 23 3 41 15
5 14,32 14 5 23
10 17,7 5 0
1 5,17 1 5 9 25 13 21
13 10,13 2 1 5 1 7 4 5
3 12,3 27 12 42 19 15
15 6,9 9 9 0 0 0 9 9 0
15 11,9 1 5 17 13 11 7 3 15
19 1,9
14 16,4
18 12,12 0 6 18
3 17,3 31 23
8 7,0 7 3 8 3 2 2
12 12,36 24 46 10 12 12 6
15 3,4 5 4
1 4,7 34 19 1 16 25
3 8,18 3 13 8
7 19,43 79 67 19 7 91 55 31
3 9,3 21 15 33 9 27 39
15 14,14 11 15 12 10 13
19 11,19 3 21
3 18,18 3
2 12,6 26 12 22 2 14 16 40
15 20,35 15 20
1 10,2 0 1 5 5 1 1
8 6,8 4
3 3,9 9 9 9
14 17,2 1 7 5 0 0 5 4
15 6,6 2 5
1 6,1 6
17 3,11 11 31 31 17 17
6 17,1
11 14,1 4 1 2
16 3,16 10
17 18,22 17 23 19
3 20,37 88 71 20 54 3 5
6 7,6 5 7 7 0 1 2 6 2
14 13,14 9 12
5 5,5 5 3 5 1
8 5,0 8 5 1 5
7 9,6 3
4 9,4
6 20,90 18 6 76 34 20 48 4 62
1 9,9 17 41 33 49 65 57 1 25
2 12,2
15 14,15 37 15 14 29 22 43
12 7,8 4 8 4 8
18 16,14 16 10 12 18
1 12,25 1 13 12
11 17,23 11
6 11,11 6 45 17 28
13 8,2 3 1 0 2 8 1 1
4 4,0 0 4 4 0
17 5,7 1 5
17 15,5 2 5
6 17,61 50 72 17 28 6 39
12 5,2 19 12 12
20 19,12 17 20 13 19 16 14 18 15
10 4,16 2 10 10 10 2 16
4 16,0 4 14 26 36 28 22 48
17 3,11 31 17 17
2 6,2
12 19,46 18 10 39 12 26 31 47 4
4 15,1 4 5 0 4 2 5 1 6
18 13,3 2 8
6 2,6 2 2 2 2 2
13 14,13 14 16 15
11 6,6 1 11 14 4 9
15 3,9 3 33 21 15 45
20 4,0
2 12,2 2 22
6 5,2 0 5 6 4 1 3
10 20,10
14 20,48 36 14 16 26 12 44 30 0
5 14,5
6 16,6 6 9 9 9 6
1 18,8 2 1
6 2,6
10 5,5 0 2 1 1 0
16 9,9 9 34 25 16
1 1,1 3 6
10 13,3 1 5 4 0 1
17 5,1 1 1 5 3 7 3
9 2,19 12 2 26 33 9 5
1 16,6 2 1
18 12,6 18 6 12 6 12
19 11,1 2 9 1 3
17 15,1 2 7 7 5 5 9 9
8 3,8 13 2
15 5,5 7 7 5 7 5
18 1,8
6 20,0 6 6 6 0 4 6 4
7 4,3 2 4 9 8
16 20,0 0 0 2 6 2
7 14,21 28 7 14 35
1 4,6 5 4 6 5
7 19,31 7
17 18,8 7
14 6,26 10 6 14 42 34 2 18
2 8,2 24 28 46 10 18 8
8 6,6 8
7 18,7 25 18 11 43 18
4 6,28 26 14 38 32 16 20 8 4
20 13,20 13
6 18,6
18 2,18 20 42 20 2 14 6 22
1 1,1
7 1,7 1
8 7,15 22 8 7
15 2,3 0 3 3 0 0 3 3 0
6 14,6 54 62 46 30 22 14 38
18 12,18 6 12 0 6
17 5,19 5 7 17
4 20,4
10 5,10
18 12,4 2 1 8 2
10 2,10 30 38 6 2 46 22 14
11 11,1 3 1 1 3 1
15 3,33 45 21 15 9 3
7 15,7
2 15,17 30 2 28 6
18 5,5 18 28 23 1
18 18,4 2 2 4 3
2 3,6 0 3 2 3
14 15,14 19 16 25 26 20 22
11 12,2 2 0 1
20 9,20
2 20,20 2
17 3,17 25 53 11 3 39
8 18,8
10 6,2 2 10 14 6 10 6
3 20,3 1 0 0 1 3
8 7,8
5 13,53 13 45 5 21 29 37 61
4 15,19 15 34 4
18 13,13 7 3 8 18 12 2
19 14,2
2 3,4 0 8 6 2 4 2 8 0
17 1,1 7
2 12,12 2 22 32
20 14,20 14 2 8 10 4 22 16
13 1,13
8 10,0 1 2 1 5 5 8
7 9,3 9 6 6 8 5 7 4
12 12,4 4 4 1 4 4 4 4
2 2,2 2 2 2 2 2 2 2
2 10,0 2
3 9,3
3 12,66 39 75 57 48 12 21 30 3
15 5,5 45 15 25 20
2 1,0 0 2 2 3
11 20,6 15 11 29
2 17,2 17 32
17 5,8
7 1,8 7 0 9 8 9
17 20,7 4 0 2 4 0
13 11,9 7 13 5 3 11
18 17,12 16 13 18
8 12,1 9 8 6 3
5 5,10 15 5 5 40 25
8 4,8 0
18 13,2 3
6 3,2 2 1 3 6
7 12,3 7 2 6 3 0 7 4 7
19 14,14 19
7 1,1 7
14 19,5 9 0 4 2 5 6
3 12,12 15 3
19 17,15 19 9
1 16,21 31 41 26 16 31 1 11
4 5,10 15 21 4 12 6 18 9 16
1 18,37 6 19 1 18
15 13,7 1 3 11 5 9 15 13
18 10,1 2 0 1 8
4 12,4
17 3,67 53 11 3 25 81 39 17
5 17,41 5 29 17
14 13,4 3
16 13,1 10 16 2
11 9,11
13 5,13 3
20 15,3 0 4 4 2 0 2
17 7,27 3 3 17 17
2 5,4 3 1 0 9 7 2 6 5
18 14,4 8 1 4 2 2
1 16,1 0 33 17 16
14 16,1 6 4
10 7,10 4 2 1 7
4 20,9 8 0
10 12,12 18 20 10 14 16 22
14 2,6 0 8 4 4 2 8 2
13 16,3 3 6 3 3 0 2
4 18,8 3 4 9 2 7
19 14,1 19 6 9
1 9,9 1 1 1 5 3 5 5 1
4 12,68 44 20 36 4 12 52 60 28
3 7,2 1 2 1 2 1 2 2 1
2 3,6 8 8
16 2,6 1 3 2
18 11,9 8 1 9 9 9 8 8
6 8,8 4 8 8 4 4
12 6,42 24 12 6 8 18 32 16 24
19 12,5 9 9 5 16 16 19
17 5,17 29 17 7
18 15,18
15 3,4 5 3 5 4
1 4,34 19 1 7 25 16 43 37 2
12 16,1 2 0 1 1 2 6
4 1,4
9 2,9 5 9 16 16 5
13 17,2 2
11 2,34 7 16 11 25 2
18 11,18 11 3 10 4
11 7,7
4 18,7 4 2 8 3 9 0 5
5 10,5 35 30 15
8 7,15 7 22 8
19 17,15 19
18 19,37 18 6 19
18 4,0 0 0 8 0 0 4 0
14 18,4 6 6 8
20 2,22 20 2 20 46 24
2 3,6
7 7,7 14 35 6 21 7
16 14,14 16
10 9,0 2 3 1 1 0 9 2
18 20,28 18 22
13 19,3 3 0 2 0 2 3 9 4
6 16,2 2 6 2 6 2
19 2,0 1 9 2 2 0 2 1 1
17 9,9 17 1 15 23 7
3 7,3 7 5 3 5
12 3,0 3 3 2
19 2,3 8
3 3,3 3 0
7 3,1 5 5 3 1 3 5 7
2 6,2
4 1,4
4 12,4
9 18,36 27 63 18 45 54 9
10 7,7 0
5 17,5 7 3
5 10,10 15 30 45 25 35 15 5
11 8,8
7 4,2
12 4,4 0 0 2 4 3 3
18 2,14 18 18 34 14
8 17,25 17 9 42 26 8 17
16 4,6
16 11,6 8 8 1 2 6 1
7 5,1 3 5 3 7 1
18 4,38 24 4 18 10
2 16,2
13 17,17 13 21
1 12,3 5 2 3 7 2 7 1 4
14 15,0 1 2 3
7 11,47 11 18 29 7
10 18,48 10 24 26 6 8 0
13 5,11 3 13 19 5
12 17,2 7
17 10,10 17 3
4 11,15 11 26 33 17 8 25 4 41
4 15,42 20 25 26 9 4
6 7,8 6 11
13 4,5 4 8 3 7 5 2 6
9 3,7 2
18 1,7 48 20 9 39 19 1 18
1 3,5 7 1 3 9
20 14,20 14
18 5,9 0 9 9 9 0 0
15 9,5
17 13,3 2 7 3 3 1 4 2 1
1 3,1
6 16,16 26 26 46 36 6 6 16
16 7,6 7
5 13,18 5 31 13
9 11,19 9 13 25 21
16 19,19 34 22 37 25 40 28 31 16
3 8,3 13 28
13 17,2 2 1 3 2
8 12,8 2
20 6,6 20 22 8
4 5,23 9 5 14 4
15 7,15 23 15 1 1 15 23 1
11 2,21 11 2 35 14 28 13 15 43
15 17,19 15 31 27 25
20 6,0 0 4 0 4 6 6 6 6
1 2,13 5 8 2 1 3
2 19,2 36
20 20,10 0 20 40 20 10 10
14 4,6 24 14
13 11,1 5 4 6 7 5 4 3
19 16,3 0
19 16,1 4 1 19 4 5 13 5
18 8,28 2 28 2 18 18 18
11 15,41 17 26 15 8 11
15 18,30 33 39 21 15
20 10,4 4 0 2 6 0 2 2
6 19,1
9 19,0 0 9 0 0 0 0 9
5 7,5 5 3
8 1,8 0 0 2 2
18 17,0 3 6 6 6 0 0 0
20 1,20 39 20 18 18
15 8,15 8
17 14,17
3 12,3 0 3 3 2 2
6 5,6
2 20,38 56 2 74 20
12 13,5 5 6 6 1 5 6
14 12,0 0 8 1 8 2 6
10 12,40 36 6 12 34 10 22 46
15 6,21 6 48 27 15
17 15,5 7 4 3
8 10,30 18 24 20 32 12 8
4 3,7 4 3
17 5,7 17 5 43 19 55 31
2 8,4 0 4 0 2 8 4 2 2
11 8,11
4 10,16 40 34 4
12 9,12 9
6 7,7 2 6 2 6
1 8,1 35 36 7 20 43 28 49 15
17 4,7 2 1 2 4 0 0
11 19,1
20 16,0 0 2 6 2 0
17 19,20 41 37 36 17 19 33 5 46
19 4,19
20 3,24 20 3 23 49 25 26
10 4,16 2 2 10 16 10 10 2 16
18 16,2 1 8 4 6
3 6,2 3 6 0 0 1
3 15,13 3 49 25 27
2 3,3 2 39 21 5 34 8 5 13
4 15,4 15 37 81 26 59 70 48
4 10,3 2 8 0 1 5 4 6 7
16 5,16 5
3 10,17 24 10 3
19 7,3 1 4 3
19 15,34 33 19 15 49
5 16,27 5 16 38
2 20,4
19 17,4 2 3 3 4 3
4 3,1 4 0 2 2 1 1 2 0
14 12,14 12
14 7,14 7 21 28 49
3 9,5 3 3 1 5 9 3
9 8,1 4 1 2 3 1 7 9
8 9,1 8 5 7 6 9 2 4 3
12 2,2 1 0 2 1 0 2 1
16 13,0 3 2 3 0 3 6 3
14 5,4
14 3,4 5 2 4 1 3 3 2
1 13,1
20 7,84 71 19 45 6 20 58 32 7
20 15,5 0
18 16,18 10 16 12 14 8 2 4 6
7 7,7 7 7 7 7 7 7
5 18,23 5 41 14 5 18
1 11,2 2 1 1 4 3 4 3
4 12,8 5 6 9 4
6 10,0 6 30 26 38 14
16 15,16 31 27 23 46 0 23 15 23
10 7,5 2 4 7 1 10
18 18,8 0 0 0 0 8 0 0
1 18,39 3 38 35 36 37 5 1
16 17,16
6 11,1 6
17 11,17
8 8,2 1 1 2 8 4 8 3
13 9,1 1
5 11,5 17 3 35 41
1 4,1 4
15 14,5
20 19,12 20 18 14 9 15
7 10,8 7 9 0 2 1
20 6,6 20 26
11 2,25 2 16 11 7
17 7,7 3 1 5 7
18 4,38 24 10 4 80 52 66 18
19 9,9 0 9
6 9,9 6 12
1 9,1 9 1
16 7,1 1 2 3 4 3 4 2
10 11,2 2 2 0 1 0
1 5,21 25 9 1
6 6,8 6
18 14,18 10 14
20 15,3
15 18,18 33 36 27 15 21 30 24
14 18,5 6 2 9 8 2 7 1 4
3 15,3 6 3 3 5 5 6
10 16,6 4 0 4 0 6 6
8 17,8 3 26
10 20,10
9 16,9
17 6,5 28 17 17
9 5,5 9
14 13,14 40 13 31 27 17 24 5 7
1 19,1 19
11 5,5 5
8 19,13 46 8 30 29 24
5 10,5
1 20,10 1 3 46 29 17 15 39
1 4,16 7 13 1 10 4
19 8,19
4 12,36 28 12 52 44 4 20
4 8,4 8 4
20 18,3 6 0 8
19 10,10 1 19
12 20,0 4 3 2 2 3
11 6,1 6 11
11 2,11 20 11 7 7 20 11
15 1,5 2 1 4 0 2
17 20,20 26 38 17 32 35 29 41 23
13 19,31 49 37 43 19 25 13
17 5,3 5 1 1 3 1 7 3
11 18,1 1 2 1 8 0
17 14,45 17 21 47 26 15 31 18 14
1 9,27 48 25 19 29 1 9 10
8 6,6 6 2 2 0 4 4 8
11 3,3 11 5
5 18,96 70 18 44 31 57 5 83
1 10,37 19 28 10 46 1 64 55
14 20,34 14 20 4 38 42
13 7,47 27 20 13 7
16 14,16
7 3,4 2 2 1 3 3
18 4,7 2 7
6 1,6 6 6 6
15 18,7 48 1 21 39 33 30 15
2 18,8 18 4 38 46 0 2 20
6 12,6 18
12 8,4 12
9 20,31 9 20 42 64 53
11 10,2 1 1 2 0
18 15,3 3 9 6 0 18 12 6 15
9 12,9
20 10,20
15 16,28 28 15 3 16 25 31 31 47
11 5,5 16 11
11 9,9 9
1 14,1
13 17,2
1 19,73 1 19 37 55
8 15,0 1 2
20 8,36 8 28 20
10 18,34 10 58 18 50 26 42
5 17,4 9 5 7 8 0 2
3 12,3 3 2 3 0 2
17 7,3 17 27 17
13 16,19 16 13
8 3,2 2 8 13 8
2 6,6 2
2 10,16 0 18 42 2
2 4,2 6
15 14,0 2 0 1 1 1
7 5,1 7 1 5 3 5 3
11 20,2 6 4 2 0 2
1 16,1 8 3 2 6 7 4
3 15,13 3 27
10 20,40 50 60 10 70 30 80 20 90
20 2,20 38 16
5 12,5
13 18,23 13
11 12,17 11 16 13
5 13,13 49 5 18 31
13 20,2 6
1 17,1 5 1 7 2
12 18,12 10 48 24 42
13 17,13 33 21 37 45
2 3,10 19 13 7 2 16 4 8 14
10 18,10
4 3,2 1
19 11,19 11
1 8,0 9 8 9
8 11,1 8
17 5,5 17
6 11,6 11 23 45 28 17
4 1,1 6 4
3 4,5 8 11 3 9
20 6,8 78 92 22 20 50 6 64 36
12 13,3 4 6 3 2 1 2 5
7 6,2 4 3 7 4 5 5 6
13 8,2 2 1 1 8 0 3 0 1
11 16,11
3 19,22 3 19 41
6 11,6
13 17,25 17 1 24 27 30 47 26 13
12 16,2 2 9 9 2 9 1
20 15,20 15 5 10
16 7,2 7 6 4 0 0
17 1,3 7 9 1
6 6,2 2 2 6 6 6 2 6
14 19,2 9 0 5 4 5 6
8 15,1 2 0 2 4
16 19,31 16 22 34
8 7,6 2 2 3 8 0 3
18 9,9 27 9 18 0 18 36 45
6 11,23 28 41 18 45 9 6 17 11
8 13,8
12 11,1 4 2 4
1 15,3 15 47 1 25 28 16 31
17 16,14 12 15 13 16 17
12 8,8 48 26 28 12 20
14 13,12 7 11 14 13 10 9 8
12 9,6 3 6 0 0 6 12 3
3 16,16 3 68 55 42 81 94 29
13 10,45 39 29 13 33 23 10 34 6
17 15,5 2 5 7
14 18,34 14 38 22
19 20,9
6 19,19 71 58 32 45 84 97 6
14 3,4 3
1 11,1 2 1
12 8,48 28 8 26 20 24 0 12
3 3,3 5 8
16 14,4 2 2
19 17,3 4 3 2 3
1 1,3 2 2 3 4 1 5 4
4 7,7 4
9 14,14 24 9 34 19 29
6 4,4 10 6
12 9,1
19 14,9 19
10 7,7 1 8 9 0 2
20 1,4 2 0 8 4 0 2 6 6
11 16,1 8 6 7 9 3 1 0
12 18,12
2 17,2 27 22 42 32
15 13,2 3 0 1 2 1 2 5 1
8 12,1 8 3 2 8
6 15,0 9 0 9
2 14,26 48 2 30 46 16 14 22
6 9,24 6 15 9
12 15,15 27 12 42
18 10,2 14 2 18 14 2 22 22
7 5,6 3 6 5 4 7 5
3 19,31 35 3 27 25 29 33 49 45
14 3,3 14 17
16 9,5 4 4 1
19 2,36 19 19 15
13 12,13 10 12 11
6 1,0 2 1 6 2
3 16,42 29 16 68 55 3
6 12,2 7 7 2 7 2 7
17 20,37 7 17 20 44
9 1,9
1 7,8 7
6 9,6 9
8 13,2 6 4 0 4 8 6 1
7 10,21 10 17 7 44 15 27 36
9 3,3 9
12 12,12 12 12 12 12 12 12 12 12
1 11,1 1 7 1 1 3
7 17,7 1 7 3 5
10 18,26 24 0 10 48 8
2 9,37 16 44 2
20 7,34 20 27 11 7
8 5,2 1 5 8 7 4
8 8,19 16 14 10 8 20 13
2 20,0 10 4 38 42 18 2 46
4 11,11 4
18 5,5 21 8 18
2 14,4 2 4 0 3
11 1,7 1 3 1
4 1,7 4 4 4 2 7 2 2
15 20,0 5
19 10,19 8 10 1
14 1,4 3 1
18 6,4 4 0 8 2 6
7 14,7 14 42 21 28 35
20 5,1 0 0
19 12,12 19
9 9,9
16 6,16 6
7 19,16 3 21 45 37 40 7 19 26
5 13,13 37 45 29 5 21
18 4,24 38 52 4 10 18
7 5,6 7 6 5 5 3 4
2 9,0 9 2 6
18 12,6 6 12 6 18 12
9 13,7 1 1 1 7 1 7 7 1
13 16,16 29 13
13 18,3 4 2 5 4
19 9,1 29 1 19 19 1 29 29 19
9 4,1 9 4
16 19,1 5 0 2 3 4
5 14,9 5 23 27 0
11 11,19 16 11 13 23 25 17 22
16 11,38 27 3 16 21 18 11 15
1 19,1 37 55 73 19
20 5,1
17 20,17
19 20,19 20 39 9
6 15,9
8 14,36 14 8 8 22
11 4,6 8 6 4 4
16 12,4 2 0 3 9 2 5 1 1
20 19,20 18 15
5 10,5 30 35 25 10 15 15 40 45
17 18,7 2 2 0 8
14 12,12 14
1 8,15 1
3 20,71 54 5 20 3 22 37 88
4 18,7 2 8
10 20,2 0 0 1
18 3,18 12 33 12 18
17 2,3 6 7 0 3 7 2 7 4
10 12,12 34 22 6 10
14 7,1 9 8 0
17 1,17
11 12,2 1 0
15 3,15 49 18 39 21 3 9 10
8 9,8 10
11 9,1 7 1 11 3 3
9 13,29 17 41 3 9 33
13 13,5 3 3 1 3 3
20 17,6 0 8 0 4 6 2 4 3
1 10,46 23 1 19 5
14 19,14 24
5 12,46 46 12 17 25 21 17 29 5
12 9,12 9
16 5,6 5 17 39 16 28
3 14,31 14 17 6 48 3 27 29 33
3 17,3 17
3 9,51 33 9 21 27 15 45 39 3
12 7,12 2
7 13,1 4 9 2 3 3 2 1 0
15 16,4 2 0 4
8 11,7 11 8 29 49 28 35 30 19
6 5,2 2 6 5
13 14,17 15 13 16 14
18 11,19 11 18 40 29
6 18,6 42 24 18
7 15,7
16 10,4 4 14 4 14 16 8 8
9 14,37 23 14 9
19 19,8 6 1 3 4 2 7 9 3
14 19,14
13 10,13 10 23 33 6
16 17,17 19 18 16
20 20,20 20 20 20 20
5 8,5 11
11 20,6 33 15 11 10 29
8 9,25 19 22 16 20 10 8 13 14
4 1,5 4 5 6 7 7 8 6
16 6,16 26 4 16
17 20,2 8 6 4 4 3 0 0
6 14,5 6 4 6 5 8
9 9,6 9 9 0
17 19,3 3 1 9 3 3 1 1 7
5 4,3 4 5
16 9,9 34 9 25 16 43
19 12,19
9 1,9 9 7 17 7
17 9,15 23 1 1 17 1 23 15
19 18,0 9 0 3 1 8
19 20,3 8
14 19,6 9 0 4 5 5
11 3,2 1 2 3 1
11 13,15 11
19 10,19
9 19,19 9
5 13,19 1 17 21 45 43 3 5
6 4,14 10 4 0 6 24 38 12
1 5,6 5 6 7
1 18,1 1 8
5 20,0 5
9 12,9 15
13 5,18 41 23 13 5
11 14,17 20 11 14
10 12,12 10 14
8 15,23 11 49 15 8 38
10 15,4 4 3 0 5
12 17,2 42 12 37 22
5 19,39 5 25 17 33
1 3,6 3 1 3 1 3 0 1 0
11 5,16 3 8 45 5 37 48 21 11
6 15,1 1 6 5
6 12,12 18 6 42 36 30 24
8 13,13 34 8 21 5
5 6,5
18 11,10 17 3 11 24 18 4
16 16,16 22 21 18
18 20,28 18 22
17 16,11 15 17 12
16 6,16
3 18,1 8 3 1
18 11,4 17 17 10 10 4 4 18
16 17,4 6 7
16 11,1 6
20 7,0 1 6 4
2 10,0 2 4
9 17,7 7 9 1 5
13 2,9 2 13 20 31
18 18,3 4 4 2 2 2 2 4 4
4 18,22 32 38 8 4 16 24
12 4,0 2 3 4 0 4 3
11 18,11 25
15 7,15 1 22 29 7 30
4 14,74 44 14 84 54 64 24 34 4
18 18,18 23 26 35 30 24 29 32 20
12 4,12 4
4 5,6 4 9
5 13,21 3 19 17 1 45 5 41 43
13 8,29 8 13 29 0 21 29
6 12,7 2 2 7 2 7 7
3 3,9 9
11 18,8 1 9 1
7 15,21 43 3 45 7 23 19 5 47
16 3,9 8 5 4
7 6,2 5 2 1 1 2 7 1 1
15 4,15 40 18 7 29 4
20 12,2 0 4
7 3,7 3
1 3,6 1 3 3 1 0
12 17,22 37 12
19 9,19 15 36 37 17 2 9 19 28
15 17,25 21 23 19 29 27 31 15 17
11 5,31 13 7 19 11 5 25 1
12 6,16 42 24 18 6 12
9 14,10 11 4 47 9 7 37 23 14
18 12,6 18 6 12 6
16 10,1 6
15 8,4 8 15 31 23
10 17,1 7
1 8,36 28 35 1 15 43 7
10 14,2 0 6 1 5 1 4 7 3
4 1,17 2 1 14 8 20 5 4 11
1 4,6 5 4 7 6 5
5 10,10 5
17 18,18 17
16 19,16 31 22 34
20 2,2 0 2 0
4 20,9 0 2 2 0 8 1 1 3
20 11,2 20 2 25 25 16
17 15,32 47 15 17
16 5,16 16 6 6 27 27
6 6,2 6 6 6 6 6 2 2 2
3 20,6 6 6 0 0
9 14,23 10 14 9 37
6 18,30 42 54 18 6
12 9,13 30 21 45 12 32 1 9 31
18 8,8 12 2 18
8 7,7 8 6 4 3 5 2 1
9 11,7 1 5 9 3 2 2
1 9,1
18 6,1 0 8 0 8 0
14 18,14
3 17,37 44 20 1 3 45 17 7
19 11,1 2 3 1 9
1 8,8 9 1
3 16,3 16
7 16,3 2 4 3 7 6 4
20 2,0 2
13 7,13 16 45 7 21 20 24 27 47
2 11,2 2
16 17,16 22 30 21 28 24 27 18
16 5,8
7 15,7 3 3 5 1 1
18 19,18
7 8,7
4 12,2 3 3 1 1 4 4
11 4,27 11 19 3 34 15 4 40 37
7 15,23 47 39 55 7 15 31 63
1 18,1 18
16 7,1 2 2 1
14 9,1
4 3,3 2 1 0 4
19 12,3 2 8 9 2 0 4
20 13,4 6 7 3 0
14 2,3 2 3 4 4 1 1 3
12 6,6 6 0 2
19 13,6 9 2 4 5 1 3
18 14,2
15 17,2 5 5 5
3 8,3
10 1,1 8 17 10
12 7,8 4 8 4 8 4
6 12,28 36 6 22 18 4 42
7 5,3
15 2,3
9 15,3 1 3 5 3 5 3 5
1 11,12 8 35 11 23 1
18 20,4 20 46 8 4 0 38 18 4
3 10,10 45 24 31 3 17 38
14 15,2 0 3 2 4 1 5
17 15,7 3 5 4
6 18,6 42 18 30
18 15,5 1 2 8
13 12,12 13
15 12,15 12
15 12,12 0 15 9 3 6 3
17 9,1 17 9
3 3,9 9
16 13,16 13
7 7,1 9 4 0 5 6
13 11,3 9 1 3 3 13
11 17,0 8 7 9 1 2
11 13,3 1 5 1
11 19,28 29 19 30 11 7 49
16 5,6 27 16
10 14,26 10 18 22 34 30 14
13 14,4 3
9 16,16 23 9 37 30
1 16,1 2 6 7
11 17,1 7
14 13,14
4 15,1 8 7 2 6 9 3 0 0
10 11,2 1 2 0 1 3 1
7 17,3 9 1 1 1 0 2
12 15,18 12
12 11,34 12 11 23
7 10,10 16 7 13
6 5,1 5 3 2 6 4
1 14,2 5 4 1
10 10,1 0 1 1 0
18 12,1 6 2 1
1 5,17 45 6 5 11 28 23 1
20 11,11 20 23 42 31
4 5,9 4 5
19 4,41 56 71 19 26 86 1 11 4
7 16,16 7 52 34 25 61 43
13 1,14 15 29 44 1 23 13
17 7,17 3
17 5,5 17
15 16,5 6
11 17,1 2 2 7 1 0 0
19 8,3 1 5 6 2
7 20,5 4 1 0
13 19,7 5 6 8 4 2
4 1,8 2 4 1 11 5
1 11,3 1 7 1 1 7 3 1 1
10 2,4 0 2 2 0
14 3,3 4
9 20,0 1 8 8 0 8 0 8 0
11 9,11
13 2,3 2 6
3 9,7 2 7 2 2 2 7 7
6 1,6 6 6 6 6 6 6 6
1 8,8 1 29 22 15
8 1,1 8 6
2 12,2 22 12
18 10,8 0 8 8 1 0
19 12,19
15 19,15 19
2 16,18 2 16
8 7,0 6 8 7 5 9
2 9,51 9 16 23 44 2 30 37
17 1,1 7 2
6 5,27 6 11 16 5
10 14,1 4 5 0 1
10 17,0
20 18,8 16 20 10
6 1,7 6 8 1
20 6,0 6
10 9,8 10 0 4 1 2 5
19 16,4 1 1 5 19 13 4 5
1 9,9 10 1
4 5,4 23 14 37 9 5 10
4 7,13 7 22 4 16 19 25 10
4 20,4
11 18,25 17 38 11 3 46
11 1,1 1
19 16,19 16
11 3,19 11 11 5 19 19 5 5 11
18 8,8
9 4,1 1 8 9 8 4 3 2
3 12,25 7 48 21 3
15 4,26 15 7
15 7,15 33 41 7 25 1 9 17
6 15,0 7 43 6 43 21 15 36 43
9 12,9
15 14,15 14 13
16 5,5 6 17 16 28 50 39
9 4,9 4
11 7,5 11 1 7 9 3
15 6,15 3 21 6 12
19 16,13 5 5 1 4 1 4 19
3 8,4 2 4 2 2 4 2
8 6,6 8 2 1
16 13,0 8 1 2
11 8,8 8 0 0
15 4,6 5 0 4 5 1 1
6 15,24 6 15
7 20,7 33 20
13 19,9 3 0
10 17,3 0 7 2 8 1 1 9 0
3 14,4 2 2 2 4 2 4 4
18 17,8
7 5,46 17 12 5 29 7
18 1,2 5 4 8 0 1 1 5 6
9 11,11 9 21 15 19 13 17
14 1,38 1 14 90 64 25 77 12 51
5 19,9 5
3 6,6 3
11 6,14 9 14 1 11 1 9 1 14
18 8,12 52 18 42 8 32 2 22
10 13,2 0 1 6 4 1 5 3
14 3,4 2 5 3 3 4
8 18,8 18
11 19,0 2 2 9
15 4,5 4
12 16,1 1 2 0 1 6 2
13 13,13
15 7,23 15 23 1 1 15 15
1 8,2 1 1 8 4 2
20 3,65 3 31 14 82 99 48 20
20 13,13 20
12 20,36 20 12 34 32 2
4 17,4
16 14,2 2 3 4 5
16 3,29 10 16 29 16 10 29 10 16
11 13,24 11 13 16 48 9 37 11 7
12 6,12 18 0 12
9 3,9
16 16,2
4 6,10 6 12 4 8
11 3,3 5 13 21 11
8 15,0 8 5 1 3
18 8,18 26 10 34 4 2 8 48 44
16 14,8 14 6 12 16 4 2 10
18 11,1 8 9
2 11,2 4 1
12 12,4 0 2 2 2
9 10,9 9 0 0 9 0 0 9 9
4 20,4 20
12 5,6 0 0 0 6 6
7 6,2 7 1 5 2 1 1 1
14 13,9 14 12 8
12 14,2 0 2 4 2
7 20,59 46 7 72 33 20
11 17,47 29 35 23 41 11 17
13 2,13 2 15 17
17 17,9 8 2
1 19,1 45 49 37 3 17 41 9
13 2,7 6 4 5 9 6 3 8 2
19 2,1 0 9 8 6 3 5 4
15 1,1 5 1 5 1 1 5
1 14,40 1 27 14
17 18,20 19 18 17
20 16,3 2
15 19,5 9 5 1
20 19,3 0 3 4 9
7 14,7
14 11,6 7 4 8 9 1 5
15 1,13 13 15 29 15 29 15
13 11,13 11 24 35
16 9,16 9 34 25
10 4,2 4 2 0 0
8 11,28 29 19 11 7 30 8 49
20 6,20 8 22 6
9 14,3 9 2 3 4
20 10,10 40 20 10 30 30 20 40
18 17,12 10 18 13 16 7 6 4
15 8,15 13 13 1 20 20 1 1
4 4,4 8 4
6 13,12 20 48 6 41
1 14,1 4 2 1
6 5,0 4 5 6 1 2 3
9 20,28 20 49 29 9
4 18,38 32 4 24
6 5,4 6 0 2 1 0 1
16 19,19 16 35
3 9,9 3
15 7,0 0 5 1
8 6,4 8 6 0 8 2 0
12 16,36 12 16 44 24 28 20 40 32
8 19,40 29 24 8 30 13 12 46
9 13,1 9 3 3
15 12,3 3 3 6 15 9 0
15 9,3 3 9 15 15 27 9 33 21
2 4,5 2 6 4 1 6 4 5
13 10,13 10 7
5 5,15 15 40 5 5 5 25 10
12 4,12 42 4 36 20 6 16
12 13,23 20 12 14 17 18
13 11,3 1
16 19,16 19 4 35
19 17,36 3 17 19
6 16,6 6 2 2 2
14 6,6 2 10 26 14 18
6 9,0 9 6
19 4,19
19 11,19 30 41 11
3 5,5 8 34 13 21 3 5
1 6,1
5 6,6 5
19 9,21 19 9 41 11 1 31
12 8,12 4 8
4 4,4 4 4 4 4 4 4 4 4
2 4,12 36 2 24 18 14 26 30 6
11 20,11 29 6
5 7,5 5 3 7 7
15 12,12 15 16 39 27
12 3,2 3 3 3 2 3 0 0 2
16 17,18 16 22 21
5 1,1 1 8 5 7 6 8
10 9,1 0 9 0
15 17,2 5 5 5 5 5 5
4 17,19 4 30
15 1,69 15 1 27 55 41 13
3 4,20 5 3 9 17 8 14 15 11
12 19,4 39 26 12 47 18
2 16,2 6
5 11,5 1
18 10,18 10 2
7 13,7 8 0 8 4 3 2
17 20,0 0 3 4 2 4 7 0
5 9,2 5 1 9
15 7,5 1 3 7 1 3 3
20 19,19 18 16 17 15 20
2 11,2 20
12 12,12 24 12
14 13,17 24 27 7 13 40 14
17 13,13 17
7 12,31 12 31 31 0 19 12 7
12 17,12 22
19 4,19
10 3,10 17 10 4
16 6,6 2 2 2 6 2 2 2 2
4 17,8 7 9 6
6 5,2 6 2 5
13 2,2 6 3
17 10,1
15 16,28 47 31 28 31 3 15 16 25
14 6,6 10 26 14 2 18
20 12,4 20 28 12 4 20 36 12
19 16,0 0 9 0 0 0 6 0 0
5 8,5 21 8 34 13 39 5
17 11,5 17
7 14,4 7
12 16,24 32 20 28 12 40 36 16
7 20,33 7 20
4 13,13 17 4
19 5,5 6 9 1 0
18 15,48 33 15 10 31 29 18 39 49
1 17,1 17
6 16,22 38 14 6 48 8 6 10 16
8 13,6 4 0 2 1
7 20,24 27 7 47 21 20
12 10,4 22 36 32 10 12
14 6,10 2 14 6
4 11,39 4 18
13 16,19 29 45 24 13 16
5 16,0 8 2 2 0
18 14,8 4 2
2 7,2 9 7 16
7 18,43 18 7 25 18
14 19,29 19 24 14
15 1,33 33 33 0 16 17 1 15
4 19,4 34 19
13 8,13 8
2 5,11 5 2 8 17 14
11 8,8 1 1 2
12 15,27 12 19 11 15 42 30
10 6,6 10
12 5,17 39 22 12 5
9 6,6 9
13 12,7 5 11 8 13
13 12,13
11 15,7 1 0 1 6 8 2 9 5
10 2,6 14 2 10
10 8,8
2 2,6 4 8 8 6
14 16,2
16 1,6 2 1 5
6 9,4 4 5 5 5
17 3,9 43 16 20 23 17 34 25 3
7 12,27 22 17 42 12 37 32 7
19 4,4 41 19 26 11
19 15,7 5 3 1 19 7 11 3 5
19 16,35 19 36 1 16
12 7,6 0 7 3 7 2
10 11,10 11
6 17,27 28 38 6 22 11 44
1 10,23 19 46 1 5
19 2,32 19 2 15
5 19,19 5
2 19,40 37 2 4 36 6 39 41 38
7 10,10 17 7
11 18,0 3 1 9 1 8
9 9,6 6 5 9 2 9 0 2
3 16,6 3
11 1,3 1 1 3
19 3,22 25 3 19 19 47 22
6 17,6 40 17 23
4 10,0 4 6 8 2 3 7 1 5
9 10,9 10
9 16,44 9 23 30 58 16 51 37
4 15,6 5 4
8 4,0 8
10 9,10 9
16 12,16 28 12
17 7,17 3 27
3 20,37 38 3
4 10,5 6 4 2 1 0
2 4,2
6 7,3 33 6 20 13 36 7 39
9 1,3 21 11 10 9 32 1
3 2,2 7 3 0
16 9,19 16 2 12
4 4,4 4 4 4 4 4 4 4
8 12,8 12
5 4,5 4
2 11,2
17 4,35 22 4 48 61 17 9
19 18,4 3 2 5 6 3
12 19,2 2 8 2
13 20,3 39 20 25 36 33 14 39 13
6 4,0 4 2 2 6
1 2,6 1 5 2 4 3
14 12,14 16 12 2 14 26 38
16 18,7 3 5 0 6 7 8 4 8
13 17,13 17 30
4 2,2 4 0
10 9,9 10 19
6 12,24 30 18 6 12 36
8 19,9 7 2 6 8 4 7 8
3 7,2
14 14,16 14
14 17,4
2 4,2 0 0 8
9 14,39 49 19 24 34 9 44 14 29
17 14,9 2 3 0 5 7 8 2
20 7,1 11 27 6 7 34 20 45
2 15,2 28
8 15,8 23 15
16 7,3 5 2 3 2 1 4 1 4
10 7,7 0 1 2 9 8
12 12,36 24 12 12
1 2,3 2 3 4
8 7,3 0 6 2 8 2 3 0 3
8 7,6 8
10 10,2 0 1 1 1 0
4 5,37 4 23 9 5 14
4 7,10 4 13 7 22 19 16
16 17,18 16 17 20 19
18 11,2 0 1 1 8
4 10,0 5 4 1
10 14,0
5 10,5 1 1 2 1 0 0
17 11,17 28 11
3 8,11 19 49 8 3 30
18 16,34 18 34 20 18 0 34 16 2
18 8,1 4 4 4 4 4
12 5,12 5
12 11,12
17 6,23 29 17 6
4 3,4
13 11,3 9 13 3 1 3
10 19,27 10 29 48 19
7 1,1 7 1
4 5,3 1 0 4 2
7 2,2 7
9 11,9 9 9 9 9 9 9 9 9
2 14,0 2 4 3 0 4
11 2,5 2 1 3 2
8 16,8
10 11,10
8 2,2 8 10 4 16
19 14,9 4
2 6,22 0 10 26 2 46 20 8 34
4 2,4 8 2
8 1,8
3 14,4
12 1,12 13 9 27 14 18 1 41
16 11,8 1 6
5 17,0 9 5 4 2 7 8 1
8 9,15 14 16 8 10 13 12 9 11
10 2,10
10 3,3 6 0 0 3 6 6
6 4,4 6 2 2 2
17 15,5 9 5 9 7 2 7
12 7,26 45 7 16 19 21 12
2 12,0 1 2 1 2 0 2 1
8 14,8 20
13 6,8 8 0 9 7 9
1 3,3 4 5 4
11 19,1 27 11 25 9
12 16,32 36 44 12 20
19 9,19 9
16 9,9 16 25
10 4,16 16 10 10 2 2 2 10 16
14 15,16 15 14
3 17,5 5 1 1 5
16 6,26 4 4 4 26 16 26 16 16
16 16,5 2 6
16 20,2 2 0 6 0 2 0
13 17,30 25 13 27 17 24 1 47
20 17,36 37 41 31 20 45 4 17
11 20,10 6 33 15 29 11
2 12,12 14 2
16 13,0 3 3 6
16 12,8 16 4 8 0 4 12
2 18,5 3 6 7 8 9 0
13 15,14 21 13 28 43 15 35
13 10,13 7 2
9 1,7 23 39 31 15 55 47 9 1
9 15,15 9
13 16,37 31 28 13 19 46
4 7,13 16 10 7 4
4 11,38 10 31 4 39 18 46
14 16,2 2 4 4 6
1 2,1 5 0 2
6 7,2 4
1 14,15 14 1
18 3,18 33 18 12 18 12 12 33
18 3,21 18 24 3
14 12,1
15 14,4 9 13 10 7 15
8 13,8 33 18
14 20,8 4 8 2 0 4 3
15 14,14 11 9 10 15 12 13
9 4,17 4 9 47 1 30 13 27 24
14 11,8 1 2 14
17 14,0 5 8 3 2 2 7
19 14,1 19 9 6 6 9 1
8 14,4 8
12 19,12 26 4 47 18
7 9,19 7 11 17 23 29
15 20,0 0 0 3 0
13 2,2
4 14,4 14 24 4 34 14 24
13 4,5 3 4
13 14,8 2 0 3 9 1
6 2,10 6 14 22 6 2 2 18
14 2,10 14 14 26 26 10
17 4,4 0 2 7 2 1
19 1,1 0 2 9
20 2,2 0 0 2 0 2
19 7,9 7
14 18,30 18 38 14 34 22 26
6 4,4 6 2
10 19,19 10
19 11,0 2 9
18 14,1 4 2 4 1 8 2 4
10 18,0 8 1
8 2,2 8 0
17 16,15 17 16
12 1,1 2 2 2 1 2 1 1
14 14,14 42 12 28 26 20 14 44 32
8 11,17 8 20 11 14
3 11,1 3 0 2 2
9 12,9 15 12 18
7 3,1 5 3 7
8 19,7 4 2 1 5
18 9,8
20 17,41 37 45 20 4 17
4 19,4 2 9
20 8,1
12 1,12
18 14,5 2
17 15,13 15 17
10 6,0
6 4,2 2 6 4 2 2 4
18 14,32 14 26 46 28 18 24 2
12 12,0 0 4 2 4 4 2 2
16 10,14 2 10 4 16 8
16 18,34 36 2 18 16
7 1,1 7
20 15,35 35 15 20 20 35 0
19 20,24 21 27 19 25
9 7,3 9 1 2 1 3 7 3 4
9 16,9 44 23
13 4,5
19 1,20 1 19 21 41
16 5,6 16
11 8,8 1
14 2,2 4 8 0
19 10,1 19
9 19,7 1 1 7 7 1
19 8,8 19
19 10,17 1 10 26 19 8
17 3,8 3 8 4 4 7 7 0 2
1 7,8 8 7
7 1,7 5
17 1,17 33 15 17 33 15 17
14 10,2 4 6 0 1 4 8
1 13,13 1
13 6,36 29 8 13 1 22 15 6
10 1,10 19 8 10
17 1,0 1 5 5 7 2 1 1
19 2,19 2 15 32
16 18,16
15 2,2 15
14 7,14 7 7 0
4 18,22 18 4
5 10,30 5 25 10 20 15
6 11,17 11 6
14 12,2 10 14 2 4 4 2 2
18 20,38 46 4 18 8 20
14 4,4 14
17 1,1
12 3,3 0 2
14 15,4 2 5
20 2,16 20 20 38
1 1,1 9 6 7 12 3
9 1,9 9 9 9 9
19 20,24 21 30 19 25 27 31
9 11,1 7 5 9 7 3 2 2
3 1,1 3 1 3 5 1 3 5
3 9,9 3
2 16,44 86 16 0 58 14 72 30 2
9 1,1 39 23 7 47 15 31 9
18 3,5 4
8 10,18 8 12 32 36 20 30 42 24
8 16,1 8 4 2
16 2,18 20 2 46 4 38 16 8
10 18,28 46 10 18
10 14,0
17 3,4 7 2 3 8 8 0
15 15,15 15 15 15 15 15 15
14 10,42 10 42 42 14 34 8 0 24
15 14,15
11 14,3 11 14 39 14 25
1 14,27 1
8 4,1 3 2 5 9 4 7 8 6
6 7,7 7 5 2 2 6 6
9 5,9
17 13,3 1 7 4 2 1 3 3
3 2,5 2 12 7 19 3
7 4,7 8 5 8 1 1 5
16 20,6 0 2 2 0
4 3,7 17 3 4 10 27 44
16 19,3 1 5 4 0
15 11,1 15 5 1 7 5 7
17 19,29 21 41 17 39 33 27
7 16,16 7 23 39
1 14,4 7 2 4 5 1 6 3
15 12,15
6 15,6
16 5,21 5 16
12 2,22 12 8 8 22 12
2 18,38 20 2 18 46 8
8 2,4 8 8 8 4 14 14 4
3 10,38 3 22 17 30 45 9 1 37
9 3,9
11 8,27 46 19 42 23 8 19 11
9 18,1 6
20 9,20
4 4,0 4 4
14 12,0 1 8 6 8 0
17 1,17 15
12 5,12 11 39 11 5 11 0 17 22
19 14,6 7 7 6 8 8 2
6 6,2 6 6 2 6
9 19,19 39 29 9 19 9
7 13,9 0 2 1 1
1 6,11 21 6 1 16 26 31
17 12,3 18 12 23 2 13 7 8 17
3 13,3
7 10,7 13
1 19,45 37 49 1 17 41 9
6 2,1 2
5 8,47 6 11 41 5 29 20 23 38
10 10,10
4 8,0 4 8 4 4 0 4 4 0
12 11,4 1 3 4 2 2
7 7,8 9 6 4 1 2 7 5 0
2 15,2
20 11,2 2 0
19 7,5 31 31 19 19 31 5 5 19
7 9,11 7 9 13
7 11,7 31 15 1 27 39
10 4,0 4 18 32 14 10
12 20,6 20 2 36 34 12 20 32 26
13 6,13 1
5 1,3 7 7 5 9 1 1 9 3
19 4,11 34 19 11 34 34 19 11 19
1 6,1
4 5,4 5 9
14 6,22 14 2
8 4,12 16 8 28 4
8 20,8
20 15,0 35 20 15 35 20 5 25 35
16 6,9
5 8,4
11 20,20 13 11 33 32 15 48 1 31
20 17,20 14
19 14,14 19 9
10 11,1 0 2 1 3 2 3 4 1
11 1,3 1 3 1
11 1,11
3 10,0 0 3 0 3 3 3
10 3,10 17 4
5 6,3
20 3,2 0 0 6 8
7 8,8 7
11 3,7 7 5 9 9 3 3 5
10 14,4 1 0 6 7 5 1 2
17 1,79 95 47 17 31 1 15 63
19 14,0 5 1 9 6 4
18 20,26 24 28 20 30 22 18
20 7,20
2 11,2 2
3 3,3 6 24 9 39 3 15 13
5 13,5 29 21 53 69 61 37 13 45
15 16,4 0 0 0 4 4 2
16 3,16
8 14,30 6 10 20 24 44 8 38 42
18 19,4 3
6 20,20 26 6
15 18,7 2 0
10 12,10 40 12 46 36 6 34 22
4 18,16 88 46 4 32 60 18 74 2
4 11,25 53 4 39 32 46 11 18
10 20,10 10 20 40 30
19 5,5 8 7 9 2 1 0 6 3
7 12,17 27 12 22 7 32
1 10,9 5 0 46 23 1 19
17 10,0 7 1
7 16,25 52 16 43 79 70 34 7 61
12 18,24 12 42
17 18,3 35 18 17
6 11,36 31 11 16 46 6 16
18 1,18
2 20,18 0 38 42 10 8 2 46 4
12 2,2 4
18 19,37 19 18 6
6 11,1 6
15 10,0 5 3 5 5 4 4
4 17,10 4 47 32 8 36 30 19
1 1,3 3 2 4 2 1
1 20,10 29 15 3 1 39 46
8 5,4
15 5,5 15 45 25 20 20
13 7,7 0 5 5 1 3 8
13 17,13
7 8,8 7
16 16,2 5 6
7 5,5 3 7 3 5 1 1
9 3,9 9 3 3 15
15 3,15 9 27 15
6 17,35 19 13 40 23 6 16 17 3
8 16,4 2 6 4 8 2 0 4
15 1,13 1 27 15
17 11,7 8 1
4 2,0 2 4
16 3,16 22 13 21 41 3 19 4 17
20 5,0 4 5 5 0 3 5 4
7 19,7 43 19 31
2 12,2
14 16,14 16
1 17,8 9 1 3 2 7
10 20,2 0 1 0
14 9,4 9 14
19 1,0 2 1 1 2 9 5 3 4
10 13,16 28 10 22 13 19 25 31
2 14,6 46 26 34 48 12 24 2 20
5 19,19 5
5 15,55 5 35 25 45 15
7 9,7 9
10 18,1 9 1 8 0
1 6,1 6 1
12 5,12
10 4,2 16 16 10 10 2 2 10
3 14,19 25 41 3 8
5 14,2 1 7 0 9
8 2,4 4 0 0 2 2 2 8 4
4 5,6 9 4 10
15 3,15 9
3 2,3
4 10,4 2 1 0 0 2 2
11 19,19 49 28 30 11 29
18 12,2 8 2
11 17,11 17
6 4,6 10 4
14 4,18 4 14
14 6,14 10 34 2 42 26 18 50 6
4 19,42 1 29 4 7 23 19 22 15
12 6,0 2 6
17 8,55 17 1 19 28 10 8 37 46
8 17,26 3 8
1 5,9 33 21 1 25 5 17 29 13
9 2,5 9 16 5 9 16 5 16 9
6 19,1 1
7 2,3 7 12 7 3 12 3 7
13 4,17 38 13 21 4
9 3,9 3
6 12,24 6 30 18 12
7 11,29 7 18 11
5 1,1 7 9 5 7 9
11 17,1
9 12,9
2 1,0 2 3 2 3 0 2
6 19,4 4 1 1 4 1 1
11 16,6 1
6 13,20 6 13 48 34 27 41
5 10,25 5 15 10 5 40 15
16 1,8 4 7 1 2 3 6
20 8,20 8
8 7,15 8 7
18 19,3
7 9,7 11
14 2,46 14 10 58 2 22 34
1 4,7 1 16 10 4 13
17 7,17 3 7
10 6,2 2 6 10 10 10 6
13 7,23 17 5 11 35 13 29 7 1
16 9,34 2 9 9 43 25 16
13 15,1 9
6 4,2 2 4 4 6 2
15 4,5 5 4
5 12,0 6
19 11,21 33 28 45 41 30 11 19 12
7 3,11 7 1 7 1 11
12 9,31 12 30 1 21 9
3 15,3
6 1,4 9 1 6
15 13,11 1 1 3 5 5 5 15 3
13 12,1 6 7 6 5
15 13,1 9 5 9 5 9
13 8,13
10 7,0 7
1 2,2 3
5 20,20 35 45 25 15 5 20
1 16,2 1 8 3 6 7 4
14 2,18 36 2 16 2 14 38 34
10 6,10 6
10 9,10
16 17,4 6 7 2 7 3
15 16,2 4
12 15,8 0 8 0 8 8 1 0
9 2,9
8 10,8
15 16,16 18 17 19 20 15
2 20,0 2 46 18 4 10 38 42
15 3,9 27 15 15
16 18,34 18 16
6 20,2 0 1
7 14,1 1 2 0 2 0 4 2 7
4 9,4 9 14
17 17,9 2 0 4 3 1 8 2
20 16,0 6 0
4 2,8 6 4 2
19 18,7 3 4 4 3 6 5 2
1 9,1 9
16 16,16 16 16 16 16 16 16
13 16,13
7 14,35 42 21 28 14 56 7 63 49
17 4,9 30 17 17
4 8,0 0 4 4 4 8 0 4
17 8,17 8
2 1,4 6 0 8 2 6 8 4
16 7,16 7 2
8 12,12 16 32 28 8 20 24
7 1,5 5 13 7 7 13
4 3,2 1 0 4 1 2
10 7,10 4 2 4 2 5 5
17 16,2 2 4 9 1 7
17 6,17 6
19 12,41 12 19 43 31 24 17
13 14,14 13
15 2,15 28 28 11 15 15 11
13 15,29 13 23 37 35 17 25
1 8,15 43 36 1 7
1 2,1 12 6 3 9 13 7
15 9,15
7 18,40 29 18 7 51 62
20 18,20 12 10 16 14 18
2 17,2 36 37 41 46 17 5 19 33
19 17,19 17
2 8,32 2 20 14 26 8
1 12,3 2 3 2 1
18 14,2
3 4,11 7 3 47 4 18 29
5 13,8 5 6
14 9,6 11 4 14
16 19,22 19 16 34 25 28 31
15 9,15 3 3 15 9
14 8,8 0 0 0 0 4
11 4,3 17 11 10 4
19 13,45 32 13 19
11 3,3 1 2 2 1 0 2
7 19,19 7
17 17,9 2 0 8
18 16,8 6 18 2 2 14 4
17 18,18 35 29 38 41 3 17
9 9,8 8 1 1
10 6,0 2 2 4 0 6 0
1 18,1 18 19
6 18,8 0 0 0 1 8
8 7,8
2 13,8 0 2 2 6 8 4 6
12 9,12 6
11 20,2 4 2 0 6 2
2 9,6 2 9
17 13,1 3 9 17 5 7 7 1
13 5,6 6 5 7
4 14,4 34 84 54 14 44 74 64 24
12 17,3 3 2 3 0 7 0 2
4 15,37 15 4 48 26
9 9,21 20 11 14 15 17 9
13 10,0 4 2 3 5 1 1
2 4,2 10 4 6
15 18,5 8 2 5
17 19,3 2 3 4
11 2,2 4 4 2
10 11,3 1 1 1 0 2
3 15,15 1 18 33 3 19 35 34
2 7,2 12 7 17
18 16,18 14
7 1,8 9 1 17 7 43 26
20 13,15 6 8 8 6 20 15
12 5,2 12 2 12 19
20 13,20 15 15 6 8 6
16 3,10 16 29 16 10 16 29
4 17,4 10 47 32 8 19 36 30
10 15,3 4 4 5 0 5
20 18,3
15 2,3 3 3 0 3 0 0 0
1 16,1 16
12 20,20 36 12 32 34 6 20 2
16 6,26 26 16 4 16 26 4 16 4
5 9,3 49 11 29 25 23 5 13 37
6 5,0 3 3
7 3,36 13 9 3 10 7 23 45
1 8,1 15 36
15 2,3 3 0
10 9,3 10 4 7 6 5 8 9
15 19,5 9 5 1
18 8,8 22 2 12 18
16 8,16
14 19,2 37 35 19 33 14
8 1,13 1 20 6 8
10 6,0 0 4 6 2 2 0 4
4 14,4 4 0 5
12 6,2 2 5 6 0 6 6 2
12 5,0 6 0 6
1 8,1 15
10 19,19 10
1 8,1 1 8 2 2
9 14,2 3 9 4
20 2,8 0 4 4 2 6 0 6
6 12,18 48 30 6 28 4 30 26 12
9 3,2 7 2 7 2 2 2 7 7
11 14,1 4 5
6 19,19 6
7 5,7 5 6 3 5 4
13 10,0 4 3 1 1
19 13,1 13 11 19 7 5
8 18,8 8 18 28
3 5,1 1 5 5 1
13 1,23 11 1 13 35
7 20,7 22 33 35
17 19,7 1 3 1 3 9 3 1
8 15,22 15 8
7 10,0 1 8 7
6 2,6
11 2,2 11
20 1,18 18 20 39 39 20 20 18
10 3,3 0 6 6
7 13,5 23 37 7 19 43
14 5,9 0 7
13 3,2 1 1 2 3 3 4 1 3
5 1,9 3 5 5 3 9
5 15,15 45 35 20 35 5 40 30 5
20 19,14 18 9 8 12 15 20 6
2 16,4 3 8 7 9 6 2 5
12 10,0 2 8 2 6 12 4 4 10
7 9,9 7
1 19,1
9 3,9 21 3 27 33 3 9 15 39
12 14,22 12 24 28 34 16 40 36
11 20,1 2 1 0
12 15,3 2 5
7 13,13 7 33 20 3
7 11,7 22 29 49 11 26 47 18 23
14 19,14 19 33
14 7,29 7 26 14 27 3 28 21 49
13 14,18 13 36 14 41 27 9 27
19 16,19 16
11 13,11
3 20,9 43 16 25 20 34 3 23 9
16 20,20 6 16 36
14 19,14
4 2,4 0 8 6 7 2 4 8 7
12 11,1
14 10,14
10 19,1 0 9
6 14,8
12 7,12 13 2 13 8 13 2 8 2
10 14,4 2 0 0 4 2 2
18 6,6 24 18
1 20,15 29 1 3 46 39 10
14 4,6 14 36 26 4 16
17 1,1 5 0 2 5 2 1 1 7
1 8,1
11 17,11 35 23 47 41 17 29
12 15,0 8 1
13 6,6 7 3 7 4
16 12,2 4 2 9 1 1 0 3
7 11,15 11 19 7
2 16,2
12 17,25 21 17 13 46 46 29 12 17
9 13,17 21 9 29 13 25
10 9,10 9
4 3,4
17 7,1 1
15 2,5 1 3 4 2 3 2
2 17,2 47 7 32 92 62 77 17
2 12,4 2 6 4
15 13,5 15 9 11 7 13
8 2,8
5 13,18 13 5
9 17,43 17 26 9
11 13,15 21 11
19 15,19 11
14 20,14 26 44 0 12
12 5,12 12 2 19 2
3 17,1 1 5 5
7 16,4 4 7 2 6
20 16,0 0 2 6
9 20,42 31 9 20
3 14,40 24 35 3 8 41 7 25 19
10 3,10 13 29 16 3
1 10,19 46 37 1 28 10
3 8,2 4
17 7,3 7 17
1 12,3 4 3 1 4 2 2
10 10,10
19 20,27 25 31 24 19 30 21
20 3,6
2 6,6 2
16 13,10 16 1
13 5,6 5 5 3 3 5 6 3
14 7,21 28 27 49 14 7 26
18 20,46 18 20 8 38
12 8,4 12 4 4 4 4 8 8
15 9,9 5
6 3,9 33 3 12 21 6 4
11 1,12 1 11
8 15,1 6 4 4 2 0 2
12 1,14 1 13 27 12 41
14 19,14
11 7,7 2 5 1 5 1
3 16,16 29 3
17 13,7 3 3 1 1 4
20 4,76 20 92 44 60 12 28 4
1 14,14 29 1 15
2 5,8 17 20 2
13 6,0 9 9 8 7 0 8
4 13,47 1 27 30 4 17 13 24 25
9 19,19 9 29 9
16 19,0 9 6 0 0
8 1,8
13 4,6 7 3 2 5
8 11,2 0 8 2 0 4 4 8
12 20,4 0 0 4 4 2
12 10,0 2 0 1 2 2 0
7 1,1 26 17 8 7 9
16 12,12 28 18 16 40
6 7,7 7 2 0 6 5 1 6 2
2 20,74 38 56 2 92 20
17 17,1 2 8 9 4 2 0 3
13 3,27 3 13 7 17 37
17 2,8 4 7 3 6 5 9
4 12,12 4 20
10 1,10 8 10 10 19 8 8 19
5 11,5 17 11
7 6,6 5 7 4
8 4,4 4 12 8 8 16 0
19 3,77 3 19 45 13 29 61
1 5,9 1 5
6 7,6 5 2 6 0 7 1 2 7
3 3,3 3 3 3 3 3 3 3
4 14,24 44 14 34 54 4
13 16,13
13 14,13 27 18 14 41
12 4,8 8 4 4 8 4 4
6 3,1 8 1 8 8 1
12 2,2 4 4 2
2 2,16 2 26 2 6 4 10
6 1,6 6 4 11
17 9,5 1 5 7 3 9
9 7,1 13 14 39 9 16 7 23 12
19 19,21 24 27 19 25
14 14,14 14 20 12 42 32 28
20 2,4 0
4 2,6 8 2 4 14
18 14,26 18 2 14 32 24 46 28
8 12,9
13 11,4 3 5 1 5 4 7 6
3 16,3
9 14,3 3 2 4 9
10 14,4 0 2 2 0 2
13 13,5 3 1 1 3 3 3
8 7,2 8 7
15 10,5 5 0
2 20,38 0 46 4 18 10 2 42
2 5,17 38 35 26 8 44 2 20
10 1,10 1 8
15 18,15
8 1,1 8
20 5,10 40 70 5 20 55 25
5 4,5
10 16,22 10
8 15,8 38 9 11 23 15 49 10
5 18,9 5 48 11 33 31 20
20 4,36 20 20 12 12 20 36
12 2,22 12 22 22 8 8 12 12 8
15 4,7 26 15 15 7
17 2,0 6 2 7 7 3 3 4
13 9,7 15 1 11 3 13 9 5
7 6,7 6 19 1 13 32
6 15,6 7 15 21 43 43 43 36 0
10 3,6 6 3 0 6 0
20 7,4 0 1 6 2
15 20,0 0 5 2 1 1 1 2
8 17,6 3 7 1 8 5
15 10,1 0 5 0 5 5 5 0
7 16,1 2 1
14 2,2 36 34 16 18 14 2
5 6,3 0
2 12,22 2 12
4 15,6 5 2 5 1 1 4 0
12 4,20 4 4 12 12
14 11,1 8 14
8 2,2 34 22 12 6 40 8 10
10 7,9 8 3 0 1 2 0 7
1 18,1 35 18
3 3,9 9 9 9 9 9 9
11 7,7 11 43 18 11 18 29 25
9 10,0 9
4 7,4 47 18 7 11 29
8 9,8
8 19,8 8 6 9 4 7
4 3,3 4
4 17,0 7 2 0 2 4 1 1 2
3 19,19 35 3
18 9,1 6 6 2
8 4,8
12 18,12 24
14 19,24 29 14 19 34
19 11,11 30 19
17 17,9 8 2 0
8 1,8 1 20 13 6
16 13,16
19 6,2 1 4 1
11 7,3 9 11 5 3 5 9
13 2,3 2 0 3
20 6,20
11 4,1 0 1 1 1 2 4
16 20,6
9 6,6 15 9
7 19,1 1 9 7 1 3 7
17 16,6 9 2 2 4 7 1
14 15,4 5 2 1
18 1,8 1 1 8 1 8 1
9 2,8 8 1 1 1
8 19,5 1 2 7
12 5,5 2 0
9 17,1 5 7 9 5 1 7 7 7
18 12,2
17 3,2 8 7 8 4 7 3 0
9 10,9 9 9 9 0 0 0 0
20 13,20
20 18,0 8 6 2 0 2 4 3
18 9,18 13 27 9 36 49
14 19,2 0 8 8 6 0 6
1 13,47 33 11 25 1 23 45
4 5,47 9 4 23 14 37 5 10
13 12,13 12 49 10 37 25 12 11
1 2,1 5 2 3
9 12,9 15 24 27 33 42
5 6,16 11 5 10 13 17 7
6 5,1 6 0 1 2 0 4 2
10 3,10
9 7,1 1 3 7 3 5 9 5 7
12 9,9 2
16 18,2 8 8
11 19,19 11 27 35
15 16,2
18 1,18
15 13,15
7 2,2 4 1 4 7
3 6,6 3 9
6 18,1 0 8
10 10,10
10 14,26 22 18 14 10
2 18,8 7 5 6 3 0
6 9,5 4 5
16 10,4 16
15 2,15
3 9,2 2 2 7 2 2 7 7 7
3 5,39 8 5 44 5 3 34 13 21
11 3,11 27 14 29 3 31 48 17
17 13,9 17 5 1 13
16 17,7 6 4 3 7 0 2 3
18 14,18
9 17,25 33 49 17 41 57 9
10 3,45 3 13 29 10 16 24
6 4,4 2 2 6
15 19,5 9
11 12,4 5 2 1 6 7 9 3
13 13,9 7 6 1
1 15,1 15 29
18 10,2 10 18
16 14,5 3 4 2 2
10 3,5 3 4 0 7 1 3 6 2
17 8,1 17 26
8 6,6 8 1 2
14 15,1 0 4 2 5
19 5,9 9 9 19 19 33 19 33
14 15,6 0 4 3 7 5 2 2 1
5 5,7 11 10 5 13
3 18,3
6 15,0 9 9 0
2 9,8 5 2 1 3 0
12 16,9 2 2 9 1
14 17,20 23 17 14
7 20,0 7 7
5 3,1 1 5 3 3 3 3
2 2,42 4 10 2 16 26 6 2
9 1,9 1
10 7,24 7 10 17 41 15
10 18,26 34 50 42 10 18
13 19,43 49 25 13 11 29
20 1,2 1 0 2
10 8,6 8 10
9 17,9 5 1 7 7
15 14,8 13 15 9 12 11 7 10 14
5 9,4
5 13,1 0 7 2 5 9 8 6
8 13,33 13 18 8 38 48
14 2,14 2 10
12 10,10 8 4 0 6 2 2 12
12 17,12 25 29 17 21 46 46
20 4,0 2 0 2 4
20 13,3 0 6 7
2 16,0 2 6 5 2 2 6
5 17,41 17 5 29
18 9,23 9 36 27 12 18 13 49 11
16 3,41 17 19 16 13 4 3 21 22
16 3,29 16 10 29 10 16 16
10 10,0 0 0 0 0 0 0 0
6 13,8 8 8 8 7 7 7 7
2 14,0 4 3 4 2
15 18,7 0 2 7 0 0 7 7
12 15,12 27 15
16 15,31 46 15 27 16
10 2,18 10 10 6
10 15,10 20
9 1,1 9
12 7,8 13 12 13 2 13 8 2 2
9 3,3 9 3 9 15 3 15 9
11 18,9 1
15 7,23 15 15 1 1
18 13,8 1 3 3 4 2
7 4,6 6 4 1 7 0 4
8 8,6 4 6 8
9 20,9 20 29
3 18,3 1 1 8 0
9 20,64 20 31 53 9 75 86 42
6 20,4 6 0 6 6
5 17,39 22 5 11 17 0
15 10,10 15 10 15 0 20 25 5 5
11 6,6 11
6 13,48 12 6 41 20
5 3,1 5 3 1 1 1 3 3 3
14 16,20 24 16 14 22 26 28 18
14 15,15 14
5 3,3 19 11 5 8 49 30
18 1,39 19 18 20 1
17 14,17 11
11 3,48 29 31 17 11 14 3 27
13 11,1 4 6 4 5 3
9 6,9 6 3
12 11,23 34 7 12 39 41 11 48
16 11,11 15 21 38 18 16 27 3
17 13,5 1 17 3 9 13 7
2 20,20 28 10 2 74 92 38 56
9 13,33 41 9 3 17 29
16 1,1 4 5 0 5 6 2
15 3,4 5 5 4
5 14,5
5 8,8 21 13 5 34
15 4,15 26 7 7 15 26 7 15 26
1 9,0 1 0 9
6 2,1
11 10,2 0 2 1 2 1 1 1 0
13 1,1 13
10 16,0 4 0 6 4 6 0 6 6
5 9,13 5 9
19 3,19
16 5,0 1 2 8 9 0
20 4,0 2 6 4 8 2 0 6 4
4 16,14 28 4
20 19,20 19 47 8 39
5 14,14 5
16 4,20 16 4
5 4,4 2 5 3
11 13,19 15 27 17 21 13 23 25 11
20 16,2 20 38 40 28 36 16
2 18,4 8 7 2 7 0 6 8
18 20,0 8 2
13 8,8 13
4 19,9 7 7 8 8 0 6
2 4,4 16 2 6 18 26 10 42 10
5 8,8 5
7 10,21 36 27 10 17 44 7 15
15 19,13 23 9 39 15 35 21 47
11 3,7 3 5 5 7 3
13 17,33 37 13 45 21 7
4 14,18 4 14
19 1,17 19 1
5 10,30 15 35 5
17 8,28 1 8 19 46 17 10 37
17 12,2 0 4
6 12,24 12 6 18 30
16 12,0 4 0 16 8 4 8
19 10,1 19
6 20,26 20 6 22 46 18
14 18,0 6 1 4 4 6 8 4
18 7,18 7
10 15,0 5 6 1
19 10,17 26 26 17 1 19 26 1 1
10 10,12 10
4 3,1 2 3 3 0 1 4 2
10 17,7 1 0 8 1
20 12,12 20
1 19,7 41 3 17 1 45 9 49 37
3 11,3 3 3 3 3 3 3 3
17 14,11 17 14
18 9,8
4 12,2 4
2 10,34 12 6 40 2 22 10
8 16,2 4 1 6 0 8
16 5,5 6 28 17 16
17 16,2
10 7,7 4 5 8 2 10 1
1 17,17 1
6 7,4 2 4
19 7,9 7 7
1 12,1 7 2 3 3 4 2 5 7
14 6,14 6
19 11,19 3 21 13
14 18,0 4 4 4 6 8 6
20 9,20
15 7,1 5 3 1 7 3 3
5 6,1 3 7 9 2 5 6 4 0
9 14,29 9 19 34 14 39 24
8 5,6 0 4 8 4 2
14 8,14
13 13,13
5 13,43 1 19 3 45 5 21
9 3,2 2 7 7 2 7
10 14,2 0 4
5 6,5
3 9,7 7 2 2 2 2 7 2 7
14 16,2 6 4 4 2
15 20,0 0 0 3 0 0
3 10,3 6 0 6 0 6 3
3 18,5 4
9 2,2 6 9 2 0 6 5
17 13,5 7 9 3 13 17 1
19 1,1 9 2
2 11,47 6 10 2 1 24 20 28
17 12,0 2 4
19 10,19 10
9 12,9
18 17,6 6 0 6 0 0 3
19 20,19
10 14,0 4 2 0 4 4 2 0 2
7 20,5 4 1 0
11 16,1 6
19 10,17 1 19 8 26 10
12 18,24 18 12
17 1,3 1 7
12 5,2
2 5,1 0
12 18,2 1
17 3,9 1 7 5 3 5
14 15,29 17 15 14 44 40 23 7
15 19,5 5 9
1 3,3 4
18 8,18 52 12 8 32 22 42 2
8 18,18 44 26 8 14 20
11 6,6 40 23 11 17 19 13 16 3
4 8,20 34 2 12 32 8 36 4
8 19,9 8 7 8
14 1,4 1
16 1,5 5 1 0 2 6
11 6,6 11
6 18,6 16 30
12 7,2 7
17 14,31 17 14 45
4 14,4 3 5 5 4 5 4 0 4
20 13,7 0 2 7 3 4 6
15 12,3 15 6 0 12 9 3 6
1 5,1
5 5,9 2 5 8 4 7 6
10 18,10 18
6 1,7 1 6 8
6 4,6 4
10 4,3 0 7 5 6 2 1 4
2 3,3 34 5 8 13 5 21 2
10 17,17 44 15 1 27 36 10 21
5 3,3 5 1 3 5 5 1 1 5
3 11,3 3 3 3 3 3 3 3 3
1 5,2 4 1 5 0 1 2
6 18,24 16 24 6 18 42 8
18 1,18 35 35 18 16 18 16
3 15,3 13 27
11 9,49 29 11 20 9 28
20 15,5 20 10 15
9 15,33 27 15 39 21 9
4 9,7 9 35 4 13 22
6 13,6 1 32 13 33 19 34
9 14,24 34 14 9 29 19
19 6,6 6 2 0 5 2 9 6
19 16,5 1 10 19 7 13 16 4 2
17 8,6 0 5 8 3 7 1
18 9,0 18
10 16,10 38 18 26 10 42 16 28
3 13,3
10 19,10 28
1 17,1
8 11,14 11 17 8
18 16,0 34 18 16
19 18,2 3 4
14 19,14
10 14,34 10 30 18
2 19,38 4 36 37 2
2 16,2 72 58 44 86 16 30
15 1,5 2 1
12 18,12 18
11 2,20 11 7 11
11 1,21 11 9
9 18,8 4 31 27 13 9
6 15,6 21 36 15
16 18,16 20 24 18 26 28 22
13 16,3 6 3 0 3
13 9,3 9 1 3 3
4 12,3 4 3 2
9 11,9
3 3,3 3 3 3 3 3 3 3 3
19 16,1 4 3 2 0 5
11 20,1 0 2 1
8 9,2 7
20 12,12 12 4 20 4
18 2,6 3 6 3
11 9,1 9 1
6 20,2 2 2 1 0 0
4 15,1 6 2 0 5 1 5 4
4 4,4
13 8,13
8 19,29 24 13 40 46 8 30
5 19,5 19
12 16,32 20 12 44 36
9 2,16 9 9 5 5 5 9 16
3 12,3
12 5,4 5 1 5 2 0 0
18 7,29 18 4 29 4 18 29 18 4
11 15,31 5 19 43 11 35 9 17
20 14,14 20 8
1 15,1
3 18,1 3 8
20 1,39 18 20 20
20 12,2 0 8 2 4 6
5 1,11 1 19 5 23 3 15 7
16 1,14 16 31 16 14 31
11 9,11 9 29 20
2 10,34 10 18 50 42 2 26
2 11,2 4 2
6 13,40 48 41 33 20 6 12
14 4,5 6
13 2,2 15 13
3 5,34 8 13 5 21 39 44 3 5
9 2,9 2
6 8,6 28 22 18 16 10
1 11,5 2 2 3 3 4 1 4 1
4 9,4 29 9 44 14 14 34
10 7,7 10
18 19,20 23 18
13 11,11 13 9
11 15,11
12 6,2 6 6 2 0 5
9 2,8 1 1 1 1 8 8 8
3 13,13 3
11 12,2 1 0
9 10,1 0 2 9
3 12,2 3 0 3
13 2,17 15 2 13
17 12,6 6 8 2 4 2 0 4
5 18,5 18 23
7 19,9 7
1 3,5 4 5 3 4
10 9,0 9 2 5
12 10,12
4 11,6 8 4 5 7 7 5 6 4
17 11,31 5 11 17 19 13 1 7 25
15 12,9 0 3 3 9 15 12 6 6
12 17,12 17 32 22 27
10 10,10 20 30 0 10 30 30
20 9,20
6 7,4 4 4 4 2 4 2 2 2
6 19,5 9 3 1 6 6 2 4
10 11,18 10 16 21 12 15
2 11,2
5 20,5
13 15,1 0 7 9 5 6 1
8 15,2 4 8 4 1 6 2 0
7 4,5 5 1 1 8 1 8 7
7 20,7 22 35 11 33
7 2,33 7 28 2 8 18 3 13 23
11 16,7 8 1 6 1 0 9
16 11,9 0 8 1 7 6 8 7 9
12 12,26 12 23 20 14 24 17 18
7 5,3 6 5 4 6 5 7
9 18,18 45 6 22 39 17 27 9
4 10,20 34 2 26 16 40 4
20 5,0 1
11 14,4 4 2 1 2 1
10 19,10 55 19 73 37 46 64 28 82
8 16,8 1 2 4
6 18,6
6 20,6 6 4 0
1 9,1 1 5 9 3 5 5
11 15,1 3 3 3 5 5 3 1
16 19,34 2 22 16 31 8 49 40
3 12,27 15 3 12
3 3,2 3 3 6 39 15 13 9 24
7 19,7
9 8,7 1 9 4 3
2 18,18 2
10 11,2 0 1 1 2 0 1 0 2
14 11,11 5 14 2 8
15 7,1 30 22 29 7 15
8 13,18 38 48 33 13 8
1 20,1 2 3 4 2 0
9 7,3 3 5 9 1 1
15 14,11 12 14 13 10 15
7 20,59 20 33 7 46
17 4,2 0 1 4 7
9 14,2 9 4
3 5,7 13 3
17 5,3 7 1 3 5 1
20 6,1 2 6 2 4 0
9 16,9 44 28 23 36 7 43 15 1
12 3,15 18 33 12 3
3 6,3
7 16,6 4 7
9 16,5 9 2 6 0 6
11 8,11 5 8
3 13,9 3 3 9 3 9
11 18,8 1 2 1
9 6,6 3 9 0
13 16,13
11 20,31 11 20 1
14 18,14 22
17 10,3 17
14 15,19 14 16 20
17 2,73 3 2 17 58 43 28 13 88
7 8,13 9 7 15 12
3 7,5 3 7 5 3 5
19 5,5 24 19 32 17 35 3 29
2 6,2 10
19 16,1 7 5 19 16 2 13 10 4
13 9,5 11 3 9 1 13 7
13 8,13 3 2 8
6 14,6
13 3,7 7 13 13 23 7 13 23
17 6,27 60 6 16 71 49 5 38 17
9 9,15 20 11 21 17 9 14
14 20,0 2 0 2 8
15 10,0 5
8 9,2 9 8
8 20,18 32 30 8 4
19 18,17 18 19
20 5,4 0 1 0 4 2 6 2
16 18,8 2
2 11,2 4 1
16 8,0 0 16 16 24 24
11 3,11 5 19
14 14,14 14 28
2 5,2 5
3 18,43 13 23 18 33 33 8 28 3
7 1,1 7 8
13 8,7 13 8 12 2 3
2 1,0 2
8 5,8 1 5 5 0 7
18 9,9 27 13 18 36 49
5 1,7 1 6 5
7 6,6 13 19 7
5 9,13 29 5 25
2 14,14 2
17 18,38 3 17 18 41 35
8 13,34 13 21 8
18 14,2 10 18
5 15,5
19 19,19 19 19 19 19 19
18 13,25 19 18 31 13 44
14 20,8 0 0 2 2
4 20,1 8 0 9 0
3 18,3
12 2,0 1 1 0 2 2 2
1 9,49 1 39 15 17 41 47
10 8,44 8 10 18 26
7 1,13 7 5
4 13,5 3 7 2 6
8 12,3 7 8 5 6 9 1 0 2
1 2,2 21 5 13 8 3 1
16 18,16
18 19,19 6 37 18
1 15,1
12 16,1 2 1 6 2 1 2 2 0
16 11,6 1 8 6 8
3 16,3 4 7 6
14 15,3 1 2 0 2
17 7,17 3 27
13 3,4 0 9 5 3 1 6
14 18,2
17 20,4 0 4 2 0 7
2 9,33 9 1 2 31 11 32 20
14 6,4 7 2 6
8 17,8 7
16 7,47 16 38 11 7 2 20 29
11 8,11 5
14 18,5 2 4 7 2
11 14,44 35 29 26 11 47 17
6 13,48 41 20 33 40 12 6
8 1,8
6 15,9
9 2,5 12 9 2
3 11,51 19 43 35 27 59 3 11
10 4,2 16 2 10 2 16 10 10
17 18,35 18 3 17
15 8,1 20 15
5 8,5 13 21 8 34 5
13 17,33 13 21 37
12 14,12
5 13,1 5 6 9 8 2 0 7
20 16,16 20
3 3,9 9 9 9 9 9
10 2,2 10
8 13,13 18 8 28 33 23
16 20,2 2 6 0 0
16 7,7 16
10 12,10
14 8,0 4 0 0 0 0 0 0 8
19 8,9 7 4 8 6
3 12,3 2 2 3 0 3 3 3 0
6 3,0 6 0 6 9
16 15,16 14 11
8 13,1 8 3 2
7 16,2 6 3 7 4 3 4 4
4 13,3 4 7 5 2 5 8 6
10 11,12 10 15
18 4,24 18 52 66 10 38 4
5 5,5 5 5 3 1
1 19,19 1 20 39 9
3 8,3 13 8 28 23 18
8 1,0 0 2 8 2
8 7,6 3 2 8
16 3,3 19 16
8 5,1 8 5 2
3 1,5 1 3 1 3 5 1 3
14 10,6 14 2 6 6 6 2
8 10,1 2 5 5 0 8
17 1,7 3 1
19 2,9 1 1 1 2 2 2 0
5 20,45 30 35 25 20 5
19 15,7 5 5 3 11 7 1 3 19
7 9,6 3
9 2,1 8 8 1 1 8 1
17 16,32 17 16 49 33
17 7,3 7 17
20 15,20
17 20,17
4 10,4 14 10
17 18,0 8 2 7
1 19,1 19
14 6,14 46 26 20 6 18 22
7 13,20 36 13 7 33 3
1 13,1 61 13 49 37 25
3 5,1 5 5 5 1 1
4 19,9 7 8 6 7
11 11,1 3 1 2 4 7 5 8 6
13 3,4 0 9 3
10 9,0 1 1 0 9
15 4,73 62 40 51 18 7 29 15 4
12 20,2 2 0
5 10,25 5 15 10
18 1,8 1 5 2 1 0 6 4 5
8 19,19 46 42 27 19 8 23
8 4,4 8 8 12 0 4
20 13,15 6 8 20
11 19,9 2 3 4 1
6 13,3 3 2 0 4 7 6
20 9,20
20 6,20 6
6 2,6 2 2 2 2 2
10 11,10 11
17 1,3 1 7
16 13,16 10 13
6 7,10 11 8 6 9 7
4 17,6
3 2,2 0 7 3
14 18,32 32 14 0 18 32
16 8,8 6 0 4 4 4
11 14,3 25 39 14 17 37 11 14 20
16 15,14 11 8 16 10
7 17,15 41 7 24 17
15 10,0 5 10 15
11 12,4 4 1 3 0 0 2 2
17 13,5 3 1 8 2 6 7 2 4
8 15,35 14 6 22 43 0 8 42 27
8 20,48 8 28 26 20
20 2,2 0 0 0 2 2
17 16,33 16 32 49 17
11 20,11
12 14,2
1 15,1 16 15
14 20,26 44 50 56 62 38 14 32 20
2 2,6 16 2 18 26 4 2 42 10
2 20,2 38 56 20
17 12,29 17 41 20 12 11
4 20,4 52 32 36 0 20 84 16 68
11 19,9 1 27 11
16 1,2 6 1
1 19,5 9 48 7 19 1 39 20
6 18,24 6 24 32 18 8 42 16
19 17,19 36 17
11 6,11 6
16 6,64 54 34 24 44 6 16 4 14
2 18,28 44 48 2 34 30 32
18 10,14 6 10 2 18
15 9,15 24 9
14 20,0 2 8 2 0
11 11,11 33 11 22
4 13,4 13
13 16,13
19 15,11 7 3 19 3 5 1
13 4,13 4 47 9 38 17 6 21 3
12 13,38 13 1 12 15 13 29 14 25
14 11,14
5 19,3 5 7 1 9
19 13,19 7 13
14 13,3 1 4
5 6,11 5 10 7
11 3,11 19 5 19 11 5
18 10,18 2 6 14 30 22 10
14 2,8 2
7 9,11 17 19 23 7
5 14,9 5 27 0 23
4 17,7 2 1 0 4 2 2 0
1 10,1 19 9 5 23 0 46
3 15,15 18 3
19 10,10 39 29 18 19 7
20 20,22 25 20
1 11,1
8 3,2
15 15,45 30 15 10 15 45 25 15 20
6 13,6
15 18,33 18 30 36 15 27 21 24 39
6 20,6
9 5,7 1 1 1 11 11 9 7
17 1,15 33 33 15 17 15 17 33 17
14 17,2
1 17,1 18 17
15 10,5 15 0 10
18 19,8 9
6 6,3 6
8 16,0 4 6 8 2 4 4 2
11 18,1
10 16,52 34 22 10 16 28 40 46 58
7 16,16 7
1 11,11 1
17 12,17 7 12 2
12 4,4 4 12
12 4,36 12 20 4 16
18 13,18
20 17,7 4 4 0 0 0 3 3
16 3,22 13 21 17 3 41 16 19 4
19 17,9 15 3 7 19
16 5,6 27 16 6 27 16 6 16
6 10,30 14 6 26 38
19 15,7 15 11 19 3
18 4,2 2 7 2 7 7 7
6 6,6 6 6 6 6 6 6 6 6
8 4,8
13 12,13 8 12 7 11 10 9
7 2,1 4 7 2
3 2,2 5 12 3 19 7
10 20,10 40 30 20 10 30 20
12 1,1 12
1 11,1 1
7 12,12 7 17 22
2 4,4 1 6 8 5 4 2 5 6
1 17,1
3 14,2 5 4 3 3
9 3,3 7 1 9 3 1 7
12 2,8 18 58 48 2 38 68 28 12
3 16,16 35 3 19
16 15,16 31 15
17 15,2 5 5 7 7
6 1,2 2 6 1 0 2 1 1
9 10,9 0 0 9 0 9
18 6,6 18
17 8,17 1 26 17 1
10 5,5 5 20 15 10 0 10
7 13,7 43 19 23 37 5 29 41
4 2,8 9
12 5,2 12 16 9 5
13 7,3 8 7
10 15,5 5 4 4 0 5 3 0
7 6,7 4 5 6 3
12 8,8 4 0 12 4
14 16,2 4 2 6 4
7 5,5 1 3 7
20 6,0 6 6 4 6 6 0 0 4
9 19,1 7 1 7
8 6,4 0 2 2 8 4 0 2 4
15 6,21 48 3 12 39 15 30 6
9 13,9
9 9,9 14 11
6 20,2 1 0 2 0
8 14,14 32 38 26 8 20 44
14 8,14 30 2 22 34 16 32 8
10 15,50 35 10 20 15 40 25 30 45
12 11,1 2 2 4 4 1 4 3 3
15 15,2
11 14,17 14 11
7 3,45 36 7 3 10 13 23 9
13 12,11 1 1 7 13 5 2 8
19 14,14 19 33
12 2,2 12 16 14 22 30 26 46
2 11,11 2
10 4,10 2 26 4 20 14 8
10 18,8 1 1 0 0 1 2
20 9,1 2 2 9 0 1 0 1
13 2,13 24 9 9 13 24
18 10,14 18 22 2 2
5 10,5 15
12 20,20 12 32
20 2,20 38 16
16 9,25 34 9 9 16 43 2
10 14,1 0 4
2 12,4 4 0 8 2 6 8 6
1 5,5 2 1
16 13,16
9 10,12 11 9 13 10
11 3,7 5 5 7 3 3
6 13,7 7 8 7 8 7 8
3 3,9 9 9 9 9
13 5,3 6 5
6 13,3 4 6 3
15 6,6 15 21
20 3,0 6 8 2 6 4 0 2
9 20,9 14 31 25
18 10,10 28 18 38
13 13,3 5 3 1
18 14,18 32 14
9 10,27 10 29 48 19 9
13 12,11 37 49 25 12 12 10 13
20 8,0 1 8 6
4 9,39 44 4 9 34 14 29 14 24
3 5,3 3 5 3 1
19 14,9 4 1
4 2,4 6 4 0
13 7,27 47 13 20 24 7
5 10,3 9 0 5 2 1 6 7 4
7 10,13 10 19 7 16
3 10,30 45 37 38 9 3 17 1
8 15,22 8 0 43
14 9,32 23 5 14 37 9
17 20,20 37 17 7 44
3 14,4 2 4 2
1 13,2 1 3 3 4
4 3,2 4 3
1 7,1 7
1 4,4 37 47 9 23 5 10 1 14
20 19,8 3
15 4,15
15 4,15
5 20,5
19 9,3 8 9 4 1 7 2 1 0
18 4,7 7 2 2 7
16 11,16 6 4 9 6
19 6,1
16 9,4 4 1 5 5
14 20,26 44 14 38 32 50 20
6 10,26 12 14 24 4 38 6 30 0
6 19,6
9 9,9 9
16 10,16 8 4 2 10 14
